Period,Date,Income,Outflows,Begin Total Savings,Amount To Save,End Total Savings,Savings Value Change,Savings Return,Begin Investment Portfolio,Investment Return,Amount To Invest,End Investment Portfolio,Portfolio Value Change,Investment Return Rate,Cumulative Returns,Drawdown,Begin Total Assets,End Total Assets,Total Assets Value Change,Total Assets Return Rate
1,03/01/2024,4800.0,2200.0,,2600.0,11037.52,,,0.0,0.0,0.0,0.0,0.0,,0.0,0.0,,11037.52,,
2,03/31/2024,4800.0,2200.0,11037.52,2600.0,13675.95,2638.43,0.24,0.0,0.0,0.0,0.0,0.0,,0.0,0.0,11037.52,13675.95,2638.43,0.24
3,04/30/2024,4800.0,2200.0,13675.95,2600.0,16325.33,2649.37,0.19,0.0,0.0,0.0,0.0,0.0,,0.0,0.0,13675.95,16325.33,2649.37,0.19
4,05/30/2024,4800.0,2200.0,16325.33,2600.0,18985.69,2660.37,0.16,0.0,0.0,0.0,0.0,0.0,,0.0,0.0,16325.33,18985.69,2660.37,0.16
5,06/29/2024,6000.0,2200.0,18985.69,3800.0,21656.33,2670.63,0.14,0.0,0.0,0.0,0.0,0.0,,0.0,0.0,18985.69,21656.33,2670.63,0.14
6,07/29/2024,6000.0,2200.0,21656.33,3800.0,25536.53,3880.2,0.18,0.0,0.0,0.0,0.0,0.0,,0.0,0.0,21656.33,25536.53,3880.2,0.18
7,08/28/2024,6000.0,2200.0,25536.53,3800.0,29426.33,3889.8,0.15,0.0,0.0,0.0,0.0,0.0,,0.0,0.0,25536.53,29426.33,3889.8,0.15
8,09/27/2024,6000.0,2200.0,29426.33,3800.0,33325.75,3899.42,0.13,0.0,0.0,0.0,0.0,0.0,,0.0,0.0,29426.33,33325.75,3899.42,0.13
9,10/27/2024,6000.0,2200.0,33325.75,3800.0,37234.67,3908.92,0.12,0.0,0.0,0.0,0.0,0.0,,0.0,0.0,33325.75,37234.67,3908.92,0.12
10,11/26/2024,6000.0,2200.0,37234.67,3800.0,41153.11,3918.45,0.11,0.0,0.0,0.0,0.0,0.0,,0.0,0.0,37234.67,41153.11,3918.45,0.11
11,12/26/2024,6000.0,2200.0,41153.11,3800.0,45081.11,3927.99,0.1,0.0,0.0,0.0,0.0,0.0,,0.0,0.0,41153.11,45081.11,3927.99,0.1
12,01/25/2025,6000.0,2200.0,45081.11,3800.0,49018.68,3937.57,0.09,0.0,0.0,0.0,0.0,0.0,,0.0,0.0,45081.11,49018.68,3937.57,0.09
13,02/24/2025,6000.0,2200.0,49018.68,3800.0,52965.84,3947.16,0.08,0.0,0.0,146.59,146.59,146.59,inf,0.0,0.0,49018.68,53112.43,4093.75,0.08
14,03/26/2025,6000.0,2233.0,52965.84,3767.0,56775.67,3809.83,0.07,146.59,9.73,3767.0,3923.32,3776.73,25.76,9.73,0.0,53112.43,60698.99,7586.56,0.14
15,04/25/2025,6000.0,2233.0,56775.67,3767.0,56932.08,156.42,0.0,3923.32,-29.63,3767.0,7660.69,3737.37,0.95,-19.9,-3.04,60698.99,64592.77,3893.79,0.06
16,05/25/2025,6000.0,2233.0,56932.08,3767.0,57088.5,156.42,0.0,7660.69,73.17,3767.0,11500.86,3840.17,0.5,53.27,4.47,64592.77,68589.36,3996.58,0.06
17,06/24/2025,6000.0,2233.0,57088.5,3767.0,57244.92,156.42,0.0,11500.86,257.62,3767.0,15525.47,4024.62,0.35,310.88,4.84,68589.36,72770.39,4181.03,0.06
18,07/24/2025,6000.0,2233.0,57244.92,3767.0,57401.33,156.42,0.0,15525.47,-289.21,3767.0,19003.26,3477.79,0.22,21.68,-0.93,72770.39,76404.6,3634.21,0.05
19,08/23/2025,6000.0,2233.0,57401.33,3767.0,57557.75,156.42,0.0,19003.26,161.46,3767.0,22931.72,3928.46,0.21,183.13,-0.41,76404.6,80489.47,4084.87,0.05
20,09/22/2025,6000.0,2233.0,57557.75,3767.0,57714.17,156.42,0.0,22931.72,192.51,3767.0,26891.23,3959.51,0.17,375.64,0.21,80489.47,84605.39,4115.92,0.05
21,10/22/2025,6000.0,2233.0,57714.17,3767.0,57870.58,156.42,0.0,26891.23,-1391.54,3767.0,29266.69,2375.46,0.09,-1015.9,-3.7,84605.39,87137.27,2531.88,0.03
22,11/21/2025,6000.0,2233.0,57870.58,3767.0,58027.0,156.42,0.0,29266.69,1267.91,3767.0,34301.59,5034.91,0.17,252.01,-0.33,87137.27,92328.59,5191.32,0.06
23,12/21/2025,6000.0,2233.0,58027.0,3767.0,58183.42,156.42,0.0,34301.59,995.34,3767.0,39063.94,4762.34,0.14,1247.35,2.32,92328.59,97247.35,4918.76,0.05
24,01/20/2026,6000.0,2233.0,58183.42,3767.0,58339.83,156.42,0.0,39063.94,-508.67,3767.0,42322.26,3258.33,0.08,738.67,-0.41,97247.35,100662.1,3414.74,0.04
25,02/19/2026,6000.0,2233.0,58339.83,3767.0,58496.25,156.42,0.0,42322.26,107.61,3767.0,46196.87,3874.61,0.09,846.29,-0.32,100662.1,104693.12,4031.03,0.04
26,03/21/2026,4800.0,2266.49,58496.25,2533.51,58652.67,156.42,0.0,46196.87,1189.7,2533.51,49920.08,3723.21,0.08,2035.99,0.63,104693.12,108572.75,3879.62,0.04
27,04/20/2026,4800.0,2266.49,58652.67,2533.51,58809.08,156.42,0.0,49920.08,-26.81,2533.51,52426.78,2506.7,0.05,2009.18,-0.01,108572.75,111235.86,2663.12,0.02
28,05/20/2026,4800.0,2266.49,58809.08,2533.51,58965.5,156.42,0.0,52426.78,5.3,2533.51,54965.59,2538.81,0.05,2014.48,-0.01,111235.86,113931.09,2695.22,0.02
29,06/19/2026,4800.0,2266.49,58965.5,2533.51,59121.92,156.42,0.0,54965.59,-2276.05,2533.51,55223.04,257.46,0.0,-261.56,-1.13,113931.09,114344.96,413.87,0.0
30,07/19/2026,4800.0,2266.49,59121.92,2533.51,59278.33,156.42,0.0,55223.04,1515.47,2533.51,59272.02,4048.98,0.07,1253.91,-0.38,114344.96,118550.36,4205.4,0.04
31,08/18/2026,4800.0,2266.49,59278.33,2533.51,59434.75,156.42,0.0,59272.02,751.18,2533.51,62556.71,3284.68,0.06,2005.09,-0.02,118550.36,121991.46,3441.1,0.03
32,09/17/2026,4800.0,2266.49,59434.75,2533.51,59591.17,156.42,0.0,62556.71,1115.83,2533.51,66206.04,3649.33,0.06,3120.92,0.53,121991.46,125797.21,3805.75,0.03
33,10/17/2026,4800.0,2266.49,59591.17,2533.51,59747.58,156.42,0.0,66206.04,-2907.87,2533.51,65831.67,-374.37,-0.01,213.04,-0.93,125797.21,125579.25,-217.95,-0.0
34,11/16/2026,4800.0,2266.49,59747.58,2533.51,59904.0,156.42,0.0,65831.67,4281.06,2533.51,72646.24,6814.57,0.1,4494.11,0.44,125579.25,132550.24,6970.99,0.06
35,12/16/2026,4800.0,2266.49,59904.0,2533.51,60060.42,156.42,0.0,72646.24,996.54,2533.51,76176.29,3530.05,0.05,5490.65,0.22,132550.24,136236.71,3686.47,0.03
36,01/15/2027,4800.0,2266.49,60060.42,2533.51,60216.83,156.42,0.0,76176.29,-369.48,2533.51,78340.32,2164.03,0.03,5121.17,-0.07,136236.71,138557.15,2320.44,0.02
37,02/14/2027,4800.0,2266.49,60216.83,2533.51,60373.25,156.42,0.0,78340.32,6110.97,2533.51,86984.79,8644.48,0.11,11232.15,1.05,138557.15,147358.04,8800.89,0.06
38,03/16/2027,2100.0,1225.99,60373.25,874.01,60529.67,156.42,0.0,86984.79,597.5,874.01,88456.31,1471.51,0.02,11829.65,0.05,147358.04,148985.97,1627.93,0.01
39,04/15/2027,2100.0,1225.99,60529.67,874.01,60686.08,156.42,0.0,88456.31,-3655.08,874.01,85675.24,-2781.07,-0.03,8174.57,-0.31,148985.97,146361.32,-2624.65,-0.02
40,05/15/2027,2100.0,1225.99,60686.08,874.01,60842.5,156.42,0.0,85675.24,-468.69,874.01,86080.56,405.32,0.0,7705.88,-0.35,146361.32,146923.06,561.74,0.0
41,06/14/2027,2100.0,1225.99,60842.5,874.01,60998.92,156.42,0.0,86080.56,-6029.48,874.01,80925.1,-5155.47,-0.06,1676.4,-0.86,146923.06,141924.01,-4999.05,-0.03
42,07/14/2027,2100.0,1225.99,60998.92,874.01,61155.33,156.42,0.0,80925.1,3593.95,874.01,85393.06,4467.96,0.06,5270.35,-0.55,141924.01,146548.39,4624.38,0.03
43,08/13/2027,2100.0,1225.99,61155.33,874.01,61311.75,156.42,0.0,85393.06,-500.08,874.01,85766.99,373.93,0.0,4770.27,-0.6,146548.39,147078.74,530.35,0.0
44,09/12/2027,2100.0,1225.99,61311.75,874.01,61468.17,156.42,0.0,85766.99,-1461.3,874.01,85179.71,-587.28,-0.01,3308.97,-0.72,147078.74,146647.88,-430.87,-0.0
45,10/12/2027,2100.0,1225.99,61468.17,874.01,61624.58,156.42,0.0,85179.71,3850.3,874.01,89904.02,4724.31,0.06,7159.27,-0.39,146647.88,151528.6,4880.73,0.03
46,11/11/2027,2100.0,1225.99,61624.58,874.01,61781.0,156.42,0.0,89904.02,-4332.71,874.01,86445.32,-3458.7,-0.04,2826.56,-0.76,151528.6,148226.32,-3302.28,-0.02
47,12/11/2027,2100.0,1225.99,61781.0,874.01,61937.42,156.42,0.0,86445.32,2315.53,874.01,89634.86,3189.54,0.04,5142.09,-0.57,148226.32,151572.28,3345.96,0.02
48,01/10/2028,2100.0,1225.99,61937.42,874.01,62093.83,156.42,0.0,89634.86,-5590.23,874.01,84918.65,-4716.22,-0.05,-448.14,-1.04,151572.28,147012.48,-4559.8,-0.03
49,02/09/2028,2100.0,1225.99,62093.83,874.01,62250.25,156.42,0.0,84918.65,-1212.73,874.01,84579.92,-338.72,-0.0,-1660.87,-1.14,147012.48,146830.17,-182.31,-0.0
50,03/10/2028,2100.0,1244.38,62250.25,855.62,62406.67,156.42,0.0,84579.92,-2780.08,855.62,82655.47,-1924.46,-0.02,-4440.95,-1.38,146830.17,145062.14,-1768.04,-0.01
51,04/09/2028,2100.0,1244.38,62406.67,855.62,62563.08,156.42,0.0,82655.47,4840.21,855.62,88351.3,5695.83,0.07,399.25,-0.97,145062.14,150914.38,5852.25,0.04
52,05/09/2028,2100.0,1244.38,62563.08,855.62,62719.5,156.42,0.0,88351.3,6095.34,855.62,95302.26,6950.96,0.08,6494.59,-0.45,150914.38,158021.76,7107.38,0.05
53,06/08/2028,2100.0,1244.38,62719.5,855.62,62875.92,156.42,0.0,95302.26,-273.59,855.62,95884.29,582.03,0.01,6221.0,-0.47,158021.76,158760.21,738.45,0.0
54,07/08/2028,2100.0,1244.38,62875.92,855.62,63032.33,156.42,0.0,95884.29,3572.21,855.62,100312.13,4427.83,0.05,9793.21,-0.17,158760.21,163344.46,4584.25,0.03
55,08/07/2028,2100.0,1244.38,63032.33,855.62,63188.75,156.42,0.0,100312.13,226.04,855.62,101393.79,1081.66,0.01,10019.25,-0.15,163344.46,164582.54,1238.08,0.01
56,09/06/2028,2100.0,1244.38,63188.75,855.62,63345.17,156.42,0.0,101393.79,2829.4,855.62,105078.81,3685.03,0.04,12848.66,0.09,164582.54,168423.98,3841.44,0.02
57,10/06/2028,2100.0,1244.38,63345.17,855.62,63501.58,156.42,0.0,105078.81,-1827.39,855.62,104107.05,-971.76,-0.01,11021.27,-0.14,168423.98,167608.63,-815.35,-0.0
58,11/05/2028,2100.0,1244.38,63501.58,855.62,63658.0,156.42,0.0,104107.05,-5221.62,855.62,99741.05,-4366.0,-0.04,5799.64,-0.55,167608.63,163399.05,-4209.59,-0.03
59,12/05/2028,2100.0,1244.38,63658.0,855.62,63814.42,156.42,0.0,99741.05,-5326.75,855.62,95269.93,-4471.12,-0.04,472.9,-0.96,163399.05,159084.34,-4314.71,-0.03
60,01/04/2029,2100.0,1244.38,63814.42,855.62,63970.83,156.42,0.0,95269.93,2054.33,855.62,98179.87,2909.95,0.03,2527.22,-0.8,159084.34,162150.71,3066.37,0.02
61,02/03/2029,2100.0,1244.38,63970.83,855.62,64127.25,156.42,0.0,98179.87,8394.28,855.62,107429.77,9249.9,0.09,10921.5,-0.15,162150.71,171557.02,9406.32,0.06
62,03/05/2029,2100.0,1263.04,64127.25,836.96,64283.67,156.42,0.0,107429.77,1897.63,836.96,110164.36,2734.59,0.03,12819.13,-0.0,171557.02,174448.03,2891.0,0.02
63,04/04/2029,2100.0,1263.04,64283.67,836.96,64440.08,156.42,0.0,110164.36,-1053.63,836.96,109947.69,-216.67,-0.0,11765.5,-0.08,174448.03,174387.77,-60.26,-0.0
64,05/04/2029,2100.0,1263.04,64440.08,836.96,64596.5,156.42,0.0,109947.69,8135.2,836.96,118919.84,8972.15,0.08,19900.7,0.55,174387.77,183516.34,9128.57,0.05
65,06/03/2029,2100.0,1263.04,64596.5,836.96,64752.92,156.42,0.0,118919.84,1969.65,836.96,121726.45,2806.6,0.02,21870.34,0.1,183516.34,186479.36,2963.02,0.02
66,07/03/2029,2100.0,1263.04,64752.92,836.96,64909.33,156.42,0.0,121726.45,1448.99,836.96,124012.4,2285.95,0.02,23319.34,0.07,186479.36,188921.73,2442.37,0.01
67,08/02/2029,2100.0,1263.04,64909.33,836.96,65065.75,156.42,0.0,124012.4,2118.96,836.96,126968.31,2955.91,0.02,25438.3,0.09,188921.73,192034.06,3112.33,0.02
68,09/01/2029,2100.0,1263.04,65065.75,836.96,65222.17,156.42,0.0,126968.31,493.39,836.96,128298.66,1330.35,0.01,25931.69,0.02,192034.06,193520.82,1486.76,0.01
69,10/01/2029,2100.0,1263.04,65222.17,836.96,65378.58,156.42,0.0,128298.66,-280.6,836.96,128855.02,556.36,0.0,25651.09,-0.01,193520.82,194233.6,712.77,0.0
70,10/31/2029,2100.0,1263.04,65378.58,836.96,65535.0,156.42,0.0,128855.02,-5254.94,836.96,124437.03,-4417.98,-0.03,20396.15,-0.21,194233.6,189972.03,-4261.57,-0.02
71,11/30/2029,2100.0,1263.04,65535.0,836.96,65691.42,156.42,0.0,124437.03,3188.93,836.96,128462.92,4025.89,0.03,23585.07,-0.09,189972.03,194154.33,4182.3,0.02
72,12/30/2029,2100.0,1263.04,65691.42,836.96,65847.83,156.42,0.0,128462.92,664.84,836.96,129964.72,1501.8,0.01,24249.92,-0.06,194154.33,195812.55,1658.22,0.01
73,01/29/2030,2100.0,1263.04,65847.83,836.96,66004.25,156.42,0.0,129964.72,6412.22,836.96,137213.89,7249.18,0.06,30662.14,0.18,195812.55,203218.14,7405.59,0.04
74,02/28/2030,2100.0,1281.99,66004.25,818.01,66160.67,156.42,0.0,137213.89,-579.32,818.01,137452.59,238.69,0.0,30082.82,-0.02,203218.14,203613.25,395.11,0.0
75,03/30/2030,1665.0,1242.71,66160.67,422.29,66317.08,156.42,0.0,137452.59,-7827.52,422.29,130047.36,-7405.23,-0.05,22255.29,-0.27,203613.25,196364.44,-7248.81,-0.04
76,04/29/2030,1665.0,1242.71,66317.08,422.29,66473.5,156.42,0.0,130047.36,651.48,422.29,131121.13,1073.77,0.01,22906.77,-0.25,196364.44,197594.63,1230.19,0.01
77,05/29/2030,1665.0,1242.71,66473.5,422.29,66629.92,156.42,0.0,131121.13,8746.46,422.29,140289.88,9168.75,0.07,31653.23,0.03,197594.63,206919.8,9325.17,0.05
78,06/28/2030,1665.0,1242.71,66629.92,422.29,66786.33,156.42,0.0,140289.88,-662.57,422.29,140049.61,-240.27,-0.0,30990.67,-0.02,206919.8,206835.95,-83.85,-0.0
79,07/28/2030,1665.0,1242.71,66786.33,422.29,66942.75,156.42,0.0,140049.61,-3093.59,422.29,137378.32,-2671.3,-0.02,27897.08,-0.12,206835.95,204321.07,-2514.88,-0.01
80,08/27/2030,1665.0,1242.71,66942.75,422.29,67099.17,156.42,0.0,137378.32,-4465.46,422.29,133335.16,-4043.16,-0.03,23431.62,-0.26,204321.07,200434.33,-3886.74,-0.02
81,09/26/2030,1665.0,1242.71,67099.17,422.29,67255.58,156.42,0.0,133335.16,-3677.57,422.29,130079.89,-3255.27,-0.02,19754.05,-0.38,200434.33,197335.47,-3098.86,-0.02
82,10/26/2030,1665.0,1242.71,67255.58,422.29,67412.0,156.42,0.0,130079.89,-243.09,422.29,130259.09,179.21,0.0,19510.96,-0.38,197335.47,197671.09,335.62,0.0
83,11/25/2030,1665.0,1242.71,67412.0,422.29,67568.42,156.42,0.0,130259.09,-4173.25,422.29,126508.13,-3750.96,-0.03,15337.71,-0.52,197671.09,194076.55,-3594.54,-0.02
84,12/25/2030,3915.0,1242.71,67568.42,2672.29,67724.83,156.42,0.0,126508.13,7562.88,2672.29,136743.31,10235.18,0.08,22900.59,-0.28,194076.55,204468.14,10391.59,0.05
85,01/24/2031,1665.0,1242.71,67724.83,422.29,67881.25,156.42,0.0,136743.31,-173.21,422.29,136992.4,249.09,0.0,22727.39,-0.28,204468.14,204873.65,405.51,0.0
86,02/23/2031,1665.0,1261.35,67881.25,403.65,68037.67,156.42,0.0,136992.4,1664.61,403.65,139060.66,2068.26,0.02,24391.99,-0.23,204873.65,207098.32,2224.68,0.01
87,03/25/2031,2257.5,1248.45,68037.67,1009.05,68194.08,156.42,0.0,139060.66,8030.04,1009.05,148099.75,9039.09,0.07,32422.03,0.02,207098.32,216293.84,9195.51,0.04
88,04/24/2031,2257.5,1248.45,68194.08,1009.05,68350.5,156.42,0.0,148099.75,8882.51,1009.05,157991.32,9891.56,0.07,41304.54,0.27,216293.84,226341.82,10047.98,0.05
89,05/24/2031,2257.5,1248.45,68350.5,1009.05,68506.92,156.42,0.0,157991.32,178.59,1009.05,159178.97,1187.65,0.01,41483.14,0.0,226341.82,227685.88,1344.07,0.01
90,06/23/2031,2257.5,1248.45,68506.92,1009.05,68663.33,156.42,0.0,159178.97,3153.22,1009.05,163341.24,4162.28,0.03,44636.36,0.08,227685.88,232004.57,4318.69,0.02
91,07/23/2031,2257.5,1248.45,68663.33,1009.05,68819.75,156.42,0.0,163341.24,5493.26,1009.05,169843.56,6502.32,0.04,50129.62,0.12,232004.57,238663.31,6658.73,0.03
92,08/22/2031,2257.5,1248.45,68819.75,1009.05,68976.17,156.42,0.0,169843.56,307.76,1009.05,171160.37,1316.82,0.01,50437.38,0.01,238663.31,240136.54,1473.23,0.01
93,09/21/2031,2257.5,1248.45,68976.17,1009.05,69132.58,156.42,0.0,171160.37,-8993.71,1009.05,163175.72,-7984.66,-0.05,41443.67,-0.18,240136.54,232308.3,-7828.24,-0.03
94,10/21/2031,2257.5,1248.45,69132.58,1009.05,69289.0,156.42,0.0,163175.72,5038.26,1009.05,169223.03,6047.31,0.04,46481.93,-0.08,232308.3,238512.03,6203.73,0.03
95,11/20/2031,2257.5,1248.45,69289.0,1009.05,69445.42,156.42,0.0,169223.03,6615.62,1009.05,176847.71,7624.68,0.05,53097.55,0.05,238512.03,246293.12,7781.1,0.03
96,12/20/2031,4507.5,1248.45,69445.42,3259.05,69601.83,156.42,0.0,176847.71,4009.77,3259.05,184116.53,7268.83,0.04,57107.33,0.08,246293.12,253718.37,7425.25,0.03
97,01/19/2032,2257.5,1248.45,69601.83,1009.05,69758.25,156.42,0.0,184116.53,-4279.69,1009.05,180845.9,-3270.63,-0.02,52827.64,-0.07,253718.37,250604.15,-3114.22,-0.01
98,02/18/2032,2257.5,1267.17,69758.25,990.33,69914.67,156.42,0.0,180845.9,308.03,990.33,182144.26,1298.36,0.01,53135.67,-0.07,250604.15,252058.92,1454.77,0.01
99,03/19/2032,2257.5,1267.17,69914.67,990.33,70071.08,156.42,0.0,182144.26,-2155.33,990.33,180979.26,-1165.0,-0.01,50980.34,-0.11,252058.92,251050.34,-1008.58,-0.0
100,04/18/2032,2257.5,1267.17,70071.08,990.33,70227.5,156.42,0.0,180979.26,-335.21,990.33,181634.37,655.12,0.0,50645.13,-0.11,251050.34,251861.87,811.53,0.0
101,05/18/2032,2257.5,1267.17,70227.5,990.33,70383.92,156.42,0.0,181634.37,9608.02,990.33,192232.73,10598.35,0.06,60253.15,0.06,251861.87,262616.64,10754.77,0.04
102,06/17/2032,2257.5,1267.17,70383.92,990.33,70540.33,156.42,0.0,192232.73,11702.57,990.33,204925.62,12692.89,0.07,71955.72,0.19,262616.64,275465.95,12849.31,0.05
103,07/17/2032,2257.5,1267.17,70540.33,990.33,70696.75,156.42,0.0,204925.62,6430.72,990.33,212346.67,7421.05,0.04,78386.44,0.09,275465.95,283043.42,7577.47,0.03
104,08/16/2032,2257.5,1267.17,70696.75,990.33,70853.17,156.42,0.0,212346.67,5784.9,990.33,219121.89,6775.22,0.03,84171.34,0.07,283043.42,289975.06,6931.64,0.02
105,09/15/2032,2257.5,1267.17,70853.17,990.33,71009.58,156.42,0.0,219121.89,6930.4,990.33,227042.62,7920.72,0.04,91101.73,0.08,289975.06,298052.2,8077.14,0.03
106,10/15/2032,2257.5,1267.17,71009.58,990.33,71166.0,156.42,0.0,227042.62,1817.6,990.33,229850.55,2807.93,0.01,92919.33,0.02,298052.2,301016.55,2964.35,0.01
107,11/14/2032,2257.5,1267.17,71166.0,990.33,71322.42,156.42,0.0,229850.55,1340.2,990.33,232181.07,2330.53,0.01,94259.53,0.01,301016.55,303503.49,2486.94,0.01
108,12/14/2032,4507.5,1267.17,71322.42,3240.33,71478.83,156.42,0.0,232181.07,-3407.26,3240.33,232014.14,-166.93,-0.0,90852.27,-0.04,303503.49,303492.98,-10.51,-0.0
109,01/13/2033,2257.5,1267.17,71478.83,990.33,71635.25,156.42,0.0,232014.14,1510.31,990.33,234514.78,2500.64,0.01,92362.59,-0.02,303492.98,306150.03,2657.06,0.01
110,02/12/2033,2257.5,1286.18,71635.25,971.32,71791.67,156.42,0.0,234514.78,20150.1,971.32,255636.21,21121.42,0.09,112512.69,0.19,306150.03,327427.87,21277.84,0.07
111,03/14/2033,2340.0,1260.19,71791.67,1079.81,71948.08,156.42,0.0,255636.21,9771.97,1079.81,266487.99,10851.79,0.04,122284.66,0.09,327427.87,338436.08,11008.2,0.03
112,04/13/2033,2340.0,1260.19,71948.08,1079.81,72104.5,156.42,0.0,266487.99,-881.11,1079.81,266686.7,198.7,0.0,121403.55,-0.01,338436.08,338791.2,355.12,0.0
113,05/13/2033,2340.0,1260.19,72104.5,1079.81,72260.92,156.42,0.0,266686.7,-2068.89,1079.81,265697.62,-989.08,-0.0,119334.66,-0.02,338791.2,337958.54,-832.66,-0.0
114,06/12/2033,2340.0,1260.19,72260.92,1079.81,72417.33,156.42,0.0,265697.62,-5637.94,1079.81,261139.5,-4558.12,-0.02,113696.73,-0.07,337958.54,333556.83,-4401.71,-0.01
115,07/12/2033,2340.0,1260.19,72417.33,1079.81,72573.75,156.42,0.0,261139.5,5552.64,1079.81,267771.95,6632.45,0.03,119249.37,-0.02,333556.83,340345.7,6788.87,0.02
116,08/11/2033,2340.0,1260.19,72573.75,1079.81,72730.17,156.42,0.0,267771.95,5851.37,1079.81,274703.14,6931.19,0.03,125100.74,0.02,340345.7,347433.3,7087.6,0.02
117,09/10/2033,2340.0,1260.19,72730.17,1079.81,72886.58,156.42,0.0,274703.14,-11279.74,1079.81,264503.21,-10199.93,-0.04,113821.0,-0.09,347433.3,337389.79,-10043.51,-0.03
118,10/10/2033,2340.0,1260.19,72886.58,1079.81,73043.0,156.42,0.0,264503.21,6639.71,1079.81,272222.73,7719.52,0.03,120460.71,-0.04,337389.79,345265.73,7875.94,0.02
119,11/09/2033,2340.0,1260.19,73043.0,1079.81,73199.42,156.42,0.0,272222.73,-3022.42,1079.81,270280.12,-1942.61,-0.01,117438.28,-0.06,345265.73,343479.54,-1786.19,-0.01
120,12/09/2033,4590.0,1260.19,73199.42,3329.81,73355.83,156.42,0.0,270280.12,15500.54,3329.81,289110.47,18830.35,0.07,132938.82,0.06,343479.54,362466.3,18986.77,0.06
121,01/08/2034,2340.0,1260.19,73355.83,1079.81,73512.25,156.42,0.0,289110.47,3990.82,1079.81,294181.1,5070.63,0.02,136929.64,0.03,362466.3,367693.35,5227.05,0.01
122,02/07/2034,2340.0,1279.09,73512.25,1060.91,73668.67,156.42,0.0,294181.1,19806.93,1060.91,315048.95,20867.84,0.07,156736.57,0.14,367693.35,388717.61,21024.26,0.06
123,03/09/2034,2340.0,1279.09,73668.67,1060.91,73825.08,156.42,0.0,315048.95,-2294.99,1060.91,313814.87,-1234.07,-0.0,154441.59,-0.01,388717.61,387639.96,-1077.66,-0.0
124,04/08/2034,2340.0,1279.09,73825.08,1060.91,73981.5,156.42,0.0,313814.87,-455.05,1060.91,314420.73,605.86,0.0,153986.54,-0.02,387639.96,388402.23,762.28,0.0
125,05/08/2034,2340.0,1279.09,73981.5,1060.91,74137.92,156.42,0.0,314420.73,5881.64,1060.91,321363.28,6942.55,0.02,159868.17,0.02,388402.23,395501.19,7098.96,0.02
126,06/07/2034,2340.0,1279.09,74137.92,1060.91,74294.33,156.42,0.0,321363.28,14344.21,1060.91,336768.4,15405.12,0.05,174212.38,0.09,395501.19,411062.73,15561.54,0.04
127,07/07/2034,2340.0,1279.09,74294.33,1060.91,74450.75,156.42,0.0,336768.4,9372.39,1060.91,347201.7,10433.3,0.03,183584.77,0.05,411062.73,421652.45,10589.72,0.03
128,08/06/2034,2340.0,1279.09,74450.75,1060.91,74607.17,156.42,0.0,347201.7,-11761.16,1060.91,336501.45,-10700.25,-0.03,171823.61,-0.06,421652.45,411108.62,-10543.83,-0.03
129,09/05/2034,2340.0,1279.09,74607.17,1060.91,74763.58,156.42,0.0,336501.45,4945.67,1060.91,342508.03,6006.58,0.02,176769.28,-0.04,411108.62,417271.61,6162.99,0.01
130,10/05/2034,2340.0,1279.09,74763.58,1060.91,74920.0,156.42,0.0,342508.03,3147.02,1060.91,346715.96,4207.93,0.01,179916.3,-0.02,417271.61,421635.96,4364.35,0.01
131,11/04/2034,2340.0,1279.09,74920.0,1060.91,75076.42,156.42,0.0,346715.96,-2180.18,1060.91,345596.69,-1119.27,-0.0,177736.12,-0.03,421635.96,420673.11,-962.85,-0.0
132,12/04/2034,4590.0,1279.09,75076.42,3310.91,75232.83,156.42,0.0,345596.69,-4768.96,3310.91,344138.65,-1458.05,-0.0,172967.16,-0.06,420673.11,419371.48,-1301.63,-0.0
133,01/03/2035,2340.0,1279.09,75232.83,1060.91,75389.25,156.42,0.0,344138.65,23522.76,1060.91,368722.31,24583.67,0.07,196489.92,0.07,419371.48,444111.56,24740.08,0.06
134,02/02/2035,2340.0,1298.28,75389.25,1041.72,75545.67,156.42,0.0,368722.31,-1829.46,1041.72,367934.58,-787.73,-0.0,194660.46,-0.01,444111.56,443480.25,-631.32,-0.0
135,03/04/2035,2340.0,1298.28,75545.67,1041.72,75702.08,156.42,0.0,367934.58,-7573.08,1041.72,361403.23,-6531.35,-0.02,187087.39,-0.05,443480.25,437105.31,-6374.94,-0.01
136,04/03/2035,2340.0,1298.28,75702.08,1041.72,75858.5,156.42,0.0,361403.23,10940.75,1041.72,373385.7,11982.47,0.03,198028.13,0.01,437105.31,449244.2,12138.89,0.03
137,05/03/2035,2340.0,1298.28,75858.5,1041.72,76014.92,156.42,0.0,373385.7,4818.4,1041.72,379245.83,5860.13,0.02,202846.54,0.02,449244.2,455260.74,6016.54,0.01
138,06/02/2035,2340.0,1298.28,76014.92,1041.72,76171.33,156.42,0.0,379245.83,2209.33,1041.72,382496.88,3251.05,0.01,205055.86,0.01,455260.74,458668.21,3407.47,0.01
139,07/02/2035,2340.0,1298.28,76171.33,1041.72,76327.75,156.42,0.0,382496.88,13470.56,1041.72,397009.16,14512.28,0.04,218526.42,0.07,458668.21,473336.91,14668.7,0.03
140,08/01/2035,2340.0,1298.28,76327.75,1041.72,76484.17,156.42,0.0,397009.16,9997.13,1041.72,408048.01,11038.85,0.03,228523.55,0.05,473336.91,484532.18,11195.27,0.02
141,08/31/2035,2340.0,1298.28,76484.17,1041.72,76640.58,156.42,0.0,408048.01,8505.94,1041.72,417595.67,9547.66,0.02,237029.49,0.04,484532.18,494236.26,9704.08,0.02
142,09/30/2035,2340.0,1298.28,76640.58,1041.72,76797.0,156.42,0.0,417595.67,17325.76,1041.72,435963.16,18367.49,0.04,254355.25,0.07,494236.26,512760.16,18523.9,0.04
143,10/30/2035,2340.0,1298.28,76797.0,1041.72,76953.42,156.42,0.0,435963.16,7913.47,1041.72,444918.36,8955.2,0.02,262268.72,0.03,512760.16,521871.77,9111.61,0.02
144,11/29/2035,4590.0,1298.28,76953.42,3291.72,77109.83,156.42,0.0,444918.36,-5663.75,3291.72,442546.33,-2372.03,-0.01,256604.97,-0.02,521871.77,519656.16,-2215.61,-0.0
145,12/29/2035,2340.0,1298.28,77109.83,1041.72,77266.25,156.42,0.0,442546.33,-1769.24,1041.72,441818.81,-727.52,-0.0,254835.72,-0.03,519656.16,519085.06,-571.1,-0.0
146,01/28/2036,2340.0,1317.75,77266.25,1022.25,77422.67,156.42,0.0,441818.81,-4170.6,1022.25,438670.46,-3148.35,-0.01,250665.13,-0.04,519085.06,516093.13,-2991.93,-0.01
147,02/27/2036,2340.0,1317.75,77422.67,1022.25,77579.08,156.42,0.0,438670.46,6850.74,1022.25,446543.45,7872.99,0.02,257515.87,-0.02,516093.13,524122.54,8029.41,0.02
148,03/28/2036,2340.0,1317.75,77579.08,1022.25,77735.5,156.42,0.0,446543.45,-12744.55,1022.25,434821.15,-11722.3,-0.03,244771.32,-0.07,524122.54,512556.65,-11565.89,-0.02
149,04/27/2036,2340.0,1317.75,77735.5,1022.25,77891.92,156.42,0.0,434821.15,-23659.24,1022.25,412184.16,-22636.99,-0.05,221112.07,-0.16,512556.65,490076.07,-22480.58,-0.04
150,05/27/2036,2340.0,1317.75,77891.92,1022.25,78048.33,156.42,0.0,412184.16,4718.82,1022.25,417925.23,5741.07,0.01,225830.89,-0.14,490076.07,495973.56,5897.49,0.01
151,06/26/2036,2340.0,1317.75,78048.33,1022.25,78204.75,156.42,0.0,417925.23,-15632.93,1022.25,403314.55,-14610.68,-0.03,210197.96,-0.2,495973.56,481519.3,-14454.27,-0.03
152,07/26/2036,2340.0,1317.75,78204.75,1022.25,78361.17,156.42,0.0,403314.55,-23598.36,1022.25,380738.43,-22576.11,-0.06,186599.6,-0.29,481519.3,459099.6,-22419.7,-0.05
153,08/25/2036,2340.0,1317.75,78361.17,1022.25,78517.58,156.42,0.0,380738.43,8082.11,1022.25,389842.79,9104.36,0.02,194681.71,-0.26,459099.6,468360.38,9260.78,0.02
154,09/24/2036,2340.0,1317.75,78517.58,1022.25,78674.0,156.42,0.0,389842.79,-6221.03,1022.25,384644.02,-5198.78,-0.01,188460.68,-0.28,468360.38,463318.02,-5042.36,-0.01
155,10/24/2036,2340.0,1317.75,78674.0,1022.25,78830.42,156.42,0.0,384644.02,9784.68,1022.25,395450.95,10806.93,0.03,198245.36,-0.24,463318.02,474281.37,10963.35,0.02
156,11/23/2036,4590.0,1317.75,78830.42,3272.25,78986.83,156.42,0.0,395450.95,-3866.9,3272.25,394856.3,-594.65,-0.0,194378.46,-0.26,474281.37,473843.13,-438.23,-0.0
157,12/23/2036,2340.0,1317.75,78986.83,1022.25,79143.25,156.42,0.0,394856.3,-11864.84,1022.25,384013.71,-10842.59,-0.03,182513.62,-0.3,473843.13,463156.96,-10686.18,-0.02
158,01/22/2037,2340.0,1337.52,79143.25,1002.48,79299.67,156.42,0.0,384013.71,-13139.73,1002.48,371876.46,-12137.25,-0.03,169373.89,-0.35,463156.96,451176.13,-11980.83,-0.03
159,02/21/2037,2340.0,1337.52,79299.67,1002.48,79456.08,156.42,0.0,371876.46,-3433.28,1002.48,369445.66,-2430.8,-0.01,165940.61,-0.37,451176.13,448901.75,-2274.38,-0.01
160,03/23/2037,2340.0,1337.52,79456.08,1002.48,79612.5,156.42,0.0,369445.66,-350.74,1002.48,370097.41,651.74,0.0,165589.87,-0.37,448901.75,449709.91,808.16,0.0
161,04/22/2037,2340.0,1337.52,79612.5,1002.48,79768.92,156.42,0.0,370097.41,-7332.52,1002.48,363767.37,-6330.03,-0.02,158257.35,-0.4,449709.91,443536.29,-6173.62,-0.01
162,05/22/2037,2340.0,1337.52,79768.92,1002.48,79925.33,156.42,0.0,363767.37,-441.71,1002.48,364328.14,560.77,0.0,157815.64,-0.4,443536.29,444253.48,717.19,0.0
163,06/21/2037,2340.0,1337.52,79925.33,1002.48,80081.75,156.42,0.0,364328.14,-16121.53,1002.48,349209.1,-15119.05,-0.04,141694.11,-0.46,444253.48,429290.85,-14962.63,-0.03
164,07/21/2037,2340.0,1337.52,80081.75,1002.48,80238.17,156.42,0.0,349209.1,3115.72,1002.48,353327.3,4118.2,0.01,144809.82,-0.45,429290.85,433565.46,4274.62,0.01
165,08/20/2037,2340.0,1337.52,80238.17,1002.48,80394.58,156.42,0.0,353327.3,-18755.21,1002.48,335574.57,-17752.73,-0.05,126054.61,-0.52,433565.46,415969.15,-17596.31,-0.04
166,09/19/2037,2340.0,1337.52,80394.58,1002.48,80551.0,156.42,0.0,335574.57,596.56,1002.48,337173.61,1599.04,0.0,126651.16,-0.52,415969.15,417724.61,1755.46,0.0
167,10/19/2037,2340.0,1337.52,80551.0,1002.48,80707.42,156.42,0.0,337173.61,10903.07,1002.48,349079.17,11905.56,0.04,137554.24,-0.48,417724.61,429786.58,12061.98,0.03
168,11/18/2037,4590.0,1337.52,80707.42,3252.48,80863.83,156.42,0.0,349079.17,16012.15,3252.48,368343.8,19264.63,0.06,153566.39,-0.41,429786.58,449207.63,19421.05,0.05
169,12/18/2037,2340.0,1337.52,80863.83,1002.48,81020.25,156.42,0.0,368343.8,24757.93,1002.48,394104.21,25760.41,0.07,178324.31,-0.32,449207.63,475124.46,25916.83,0.06
170,01/17/2038,2340.0,1357.58,81020.25,982.42,81176.67,156.42,0.0,394104.21,-17711.92,982.42,377374.71,-16729.49,-0.04,160612.4,-0.39,475124.46,458551.38,-16573.08,-0.03
171,02/16/2038,2340.0,1357.58,81176.67,982.42,81333.08,156.42,0.0,377374.71,12998.01,982.42,391355.14,13980.43,0.04,173610.41,-0.34,458551.38,472688.23,14136.85,0.03
172,03/18/2038,2340.0,1357.58,81333.08,982.42,81489.5,156.42,0.0,391355.14,19485.84,982.42,411823.41,20468.26,0.05,193096.25,-0.26,472688.23,493312.91,20624.68,0.04
173,04/17/2038,2340.0,1357.58,81489.5,982.42,81645.92,156.42,0.0,411823.41,17317.26,982.42,430123.09,18299.68,0.04,210413.51,-0.2,493312.91,511769.01,18456.1,0.04
174,05/17/2038,2340.0,1357.58,81645.92,982.42,81802.33,156.42,0.0,430123.09,-10083.22,982.42,421022.3,-9100.8,-0.02,200330.29,-0.24,511769.01,502824.63,-8944.38,-0.02
175,06/16/2038,2340.0,1357.58,81802.33,982.42,81958.75,156.42,0.0,421022.3,9492.59,982.42,431497.31,10475.01,0.02,209822.88,-0.2,502824.63,513456.06,10631.43,0.02
176,07/16/2038,2340.0,1357.58,81958.75,982.42,82115.17,156.42,0.0,431497.31,31158.26,982.42,463637.98,32140.68,0.07,240981.14,-0.08,513456.06,545753.15,32297.09,0.06
177,08/15/2038,2340.0,1357.58,82115.17,982.42,82271.58,156.42,0.0,463637.98,-19898.66,982.42,444721.74,-18916.24,-0.04,221082.48,-0.16,545753.15,526993.33,-18759.82,-0.03
178,09/14/2038,2340.0,1357.58,82271.58,982.42,82428.0,156.42,0.0,444721.74,11011.19,982.42,456715.36,11993.61,0.03,232093.67,-0.12,526993.33,539143.36,12150.03,0.02
179,10/14/2038,2340.0,1357.58,82428.0,982.42,82584.42,156.42,0.0,456715.36,21268.12,982.42,478965.9,22250.54,0.05,253361.79,-0.03,539143.36,561550.32,22406.96,0.04
180,11/13/2038,4590.0,1357.58,82584.42,3232.42,82740.83,156.42,0.0,478965.9,-7405.7,3232.42,474792.62,-4173.28,-0.01,245956.09,-0.06,561550.32,557533.46,-4016.86,-0.01
181,12/13/2038,2340.0,1357.58,82740.83,982.42,82897.25,156.42,0.0,474792.62,13491.87,982.42,489266.91,14474.29,0.03,259447.96,-0.01,557533.46,572164.16,14630.7,0.03
182,01/12/2039,2340.0,1377.94,82897.25,962.06,83053.67,156.42,0.0,489266.91,-13844.91,962.06,476384.06,-12882.85,-0.03,245603.05,-0.06,572164.16,559437.73,-12726.43,-0.02
183,02/11/2039,2340.0,1377.94,83053.67,962.06,83210.08,156.42,0.0,476384.06,-9254.5,962.06,468091.61,-8292.45,-0.02,236348.55,-0.1,559437.73,551301.7,-8136.03,-0.01
184,03/13/2039,2340.0,1377.94,83210.08,962.06,83366.5,156.42,0.0,468091.61,-9171.61,962.06,459882.06,-8209.55,-0.02,227176.94,-0.13,551301.7,543248.56,-8053.13,-0.01
185,04/12/2039,2340.0,1377.94,83366.5,962.06,83522.92,156.42,0.0,459882.06,6907.38,962.06,467751.5,7869.44,0.02,234084.32,-0.11,543248.56,551274.42,8025.85,0.01
186,05/12/2039,2340.0,1377.94,83522.92,962.06,83679.33,156.42,0.0,467751.5,2481.64,962.06,471195.2,3443.7,0.01,236565.96,-0.1,551274.42,554874.53,3600.11,0.01
187,06/11/2039,2340.0,1377.94,83679.33,962.06,83835.75,156.42,0.0,471195.2,19386.61,962.06,491543.87,20348.67,0.04,255952.57,-0.02,554874.53,575379.62,20505.09,0.04
188,07/11/2039,2340.0,1377.94,83835.75,962.06,83992.17,156.42,0.0,491543.87,-11707.74,962.06,480798.18,-10745.68,-0.02,244244.83,-0.07,575379.62,564790.35,-10589.27,-0.02
189,08/10/2039,2340.0,1377.94,83992.17,962.06,84148.58,156.42,0.0,480798.18,1886.51,962.06,483646.75,2848.57,0.01,246131.34,-0.06,564790.35,567795.34,3004.99,0.01
190,09/09/2039,2340.0,1377.94,84148.58,962.06,84305.0,156.42,0.0,483646.75,20014.36,962.06,504623.17,20976.42,0.04,266145.71,0.01,567795.34,588928.17,21132.84,0.04
191,10/09/2039,2340.0,1377.94,84305.0,962.06,84461.42,156.42,0.0,504623.17,13955.5,962.06,519540.74,14917.56,0.03,280101.21,0.05,588928.17,604002.15,15073.98,0.03
192,11/08/2039,4590.0,1377.94,84461.42,3212.06,84617.83,156.42,0.0,519540.74,-19222.33,3212.06,503530.46,-16010.27,-0.03,260878.88,-0.07,604002.15,588148.3,-15853.85,-0.03
193,12/08/2039,2340.0,1377.94,84617.83,962.06,84774.25,156.42,0.0,503530.46,15728.4,962.06,520220.92,16690.46,0.03,276607.28,-0.01,588148.3,604995.17,16846.88,0.03
194,01/07/2040,2340.0,1398.61,84774.25,941.39,84930.67,156.42,0.0,520220.92,-4151.54,941.39,517010.77,-3210.16,-0.01,272455.74,-0.03,604995.17,601941.43,-3053.74,-0.01
195,02/06/2040,2340.0,1398.61,84930.67,941.39,85087.08,156.42,0.0,517010.77,11188.56,941.39,529140.72,12129.95,0.02,283644.3,0.01,601941.43,614227.8,12286.37,0.02
196,03/07/2040,2340.0,1398.61,85087.08,941.39,85243.5,156.42,0.0,529140.72,9914.07,941.39,539996.18,10855.46,0.02,293558.37,0.03,614227.8,625239.68,11011.87,0.02
197,04/06/2040,2340.0,1398.61,85243.5,941.39,85399.92,156.42,0.0,539996.18,27128.19,941.39,568065.75,28069.57,0.05,320686.56,0.09,625239.68,653465.67,28225.99,0.05
198,05/06/2040,2340.0,1398.61,85399.92,941.39,85556.33,156.42,0.0,568065.75,7056.73,941.39,576063.87,7998.12,0.01,327743.29,0.02,653465.67,661620.2,8154.54,0.01
199,06/05/2040,2340.0,1398.61,85556.33,941.39,85712.75,156.42,0.0,576063.87,-31766.8,941.39,545238.46,-30825.42,-0.05,295976.48,-0.1,661620.2,630951.21,-30669.0,-0.05
200,07/05/2040,2340.0,1398.61,85712.75,941.39,85869.17,156.42,0.0,545238.46,-21018.56,941.39,525161.28,-20077.17,-0.04,274957.92,-0.16,630951.21,611030.45,-19920.76,-0.03
201,08/04/2040,2340.0,1398.61,85869.17,941.39,86025.58,156.42,0.0,525161.28,17591.75,941.39,543694.42,18533.14,0.04,292549.67,-0.11,611030.45,629720.0,18689.55,0.03
202,09/03/2040,2340.0,1398.61,86025.58,941.39,86182.0,156.42,0.0,543694.42,-235.27,941.39,544400.54,706.12,0.0,292314.4,-0.11,629720.0,630582.54,862.54,0.0
203,10/03/2040,2340.0,1398.61,86182.0,941.39,86338.42,156.42,0.0,544400.54,25830.97,941.39,571172.9,26772.36,0.05,318145.37,-0.03,630582.54,657511.32,26928.78,0.04
204,11/02/2040,4590.0,1398.61,86338.42,3191.39,86494.83,156.42,0.0,571172.9,10168.03,3191.39,584532.31,13359.41,0.02,328313.4,0.0,657511.32,671027.15,13515.83,0.02
205,12/02/2040,2340.0,1398.61,86494.83,941.39,86651.25,156.42,0.0,584532.31,-10089.78,941.39,575383.92,-9148.4,-0.02,318223.61,-0.03,671027.15,662035.17,-8991.98,-0.01
206,01/01/2041,2340.0,1419.59,86651.25,920.41,86807.67,156.42,0.0,575383.92,26204.6,920.41,602508.92,27125.01,0.05,344428.21,0.05,662035.17,689316.59,27281.42,0.04
207,01/31/2041,2340.0,1419.59,86807.67,920.41,86964.08,156.42,0.0,602508.92,-11605.28,920.41,591824.05,-10684.87,-0.02,332822.93,-0.03,689316.59,678788.14,-10528.45,-0.02
208,03/02/2041,2340.0,1419.59,86964.08,920.41,87120.5,156.42,0.0,591824.05,-36671.06,920.41,556073.4,-35750.65,-0.06,296151.87,-0.14,678788.14,643193.9,-35594.23,-0.05
209,04/01/2041,2340.0,1419.59,87120.5,920.41,87276.92,156.42,0.0,556073.4,44038.89,920.41,601032.7,44959.3,0.08,340190.77,-0.01,643193.9,688309.62,45115.72,0.07
210,05/01/2041,2340.0,1419.59,87276.92,920.41,87433.33,156.42,0.0,601032.7,-34317.32,920.41,567635.8,-33396.91,-0.06,305873.45,-0.11,688309.62,655069.13,-33240.49,-0.05
211,05/31/2041,2340.0,1419.59,87433.33,920.41,87589.75,156.42,0.0,567635.8,17170.4,920.41,585726.6,18090.8,0.03,323043.84,-0.06,655069.13,673316.35,18247.22,0.03
212,06/30/2041,2340.0,1419.59,87589.75,920.41,87746.17,156.42,0.0,585726.6,23792.26,920.41,610439.27,24712.67,0.04,346836.1,0.01,673316.35,698185.44,24869.08,0.04
213,07/30/2041,2340.0,1419.59,87746.17,920.41,87902.58,156.42,0.0,610439.27,8221.69,920.41,619581.37,9142.1,0.01,355057.79,0.02,698185.44,707483.95,9298.52,0.01
214,08/29/2041,2340.0,1419.59,87902.58,920.41,88059.0,156.42,0.0,619581.37,-30545.97,920.41,589955.8,-29625.57,-0.05,324511.82,-0.09,707483.95,678014.8,-29469.15,-0.04
215,09/28/2041,2340.0,1419.59,88059.0,920.41,88215.42,156.42,0.0,589955.8,25504.87,920.41,616381.08,26425.28,0.04,350016.69,-0.01,678014.8,704596.5,26581.7,0.04
216,10/28/2041,4590.0,1419.59,88215.42,3170.41,88371.83,156.42,0.0,616381.08,-25276.22,3170.41,594275.27,-22105.81,-0.04,324740.46,-0.09,704596.5,682647.1,-21949.4,-0.03
217,11/27/2041,2340.0,1419.59,88371.83,920.41,88528.25,156.42,0.0,594275.27,-22374.34,920.41,572821.33,-21453.93,-0.04,302366.12,-0.15,682647.1,661349.58,-21297.52,-0.03
218,12/27/2041,2340.0,1440.88,88528.25,899.12,88684.67,156.42,0.0,572821.33,-2278.01,899.12,571442.44,-1378.89,-0.0,300088.11,-0.15,661349.58,660127.11,-1222.48,-0.0
219,01/26/2042,2340.0,1440.88,88684.67,899.12,88841.08,156.42,0.0,571442.44,20265.88,899.12,592607.44,21165.0,0.04,320353.99,-0.1,660127.11,681448.52,21321.41,0.03
220,02/25/2042,2340.0,1440.88,88841.08,899.12,88997.5,156.42,0.0,592607.44,11091.68,899.12,604598.23,11990.79,0.02,331445.67,-0.07,681448.52,693595.73,12147.21,0.02
221,03/27/2042,2340.0,1440.88,88997.5,899.12,89153.92,156.42,0.0,604598.23,21903.32,899.12,627400.66,22802.43,0.04,353348.99,-0.0,693595.73,716554.58,22958.85,0.03
222,04/26/2042,2340.0,1440.88,89153.92,899.12,89310.33,156.42,0.0,627400.66,-4258.73,899.12,624041.05,-3359.61,-0.01,349090.26,-0.02,716554.58,713351.38,-3203.2,-0.0
223,05/26/2042,2340.0,1440.88,89310.33,899.12,89466.75,156.42,0.0,624041.05,1573.16,899.12,626513.32,2472.27,0.0,350663.42,-0.01,713351.38,715980.07,2628.69,0.0
224,06/25/2042,2340.0,1440.88,89466.75,899.12,89623.17,156.42,0.0,626513.32,-19151.8,899.12,608260.64,-18252.69,-0.03,331511.62,-0.07,715980.07,697883.8,-18096.27,-0.03
225,07/25/2042,2340.0,1440.88,89623.17,899.12,89779.58,156.42,0.0,608260.64,-1484.44,899.12,607675.32,-585.32,-0.0,330027.18,-0.07,697883.8,697454.9,-428.9,-0.0
226,08/24/2042,2340.0,1440.88,89779.58,899.12,89936.0,156.42,0.0,607675.32,17479.58,899.12,626054.01,18378.69,0.03,347506.76,-0.02,697454.9,715990.01,18535.11,0.03
227,09/23/2042,2340.0,1440.88,89936.0,899.12,90092.42,156.42,0.0,626054.01,-1162.09,899.12,625791.03,-262.98,-0.0,346344.66,-0.02,715990.01,715883.45,-106.56,-0.0
228,10/23/2042,4590.0,1440.88,90092.42,3149.12,90248.83,156.42,0.0,625791.03,15475.57,3149.12,644415.72,18624.69,0.03,361820.24,0.02,715883.45,734664.55,18781.11,0.03
229,11/22/2042,2340.0,1440.88,90248.83,899.12,90405.25,156.42,0.0,644415.72,-7238.8,899.12,638076.03,-6339.69,-0.01,354581.43,-0.02,734664.55,728481.28,-6183.27,-0.01
230,12/22/2042,2340.0,1462.5,90405.25,877.5,90561.67,156.42,0.0,638076.03,-7585.89,877.5,631367.65,-6708.39,-0.01,346995.55,-0.04,728481.28,721929.31,-6551.97,-0.01
231,01/21/2043,2340.0,1462.5,90561.67,877.5,90718.08,156.42,0.0,631367.65,6167.52,877.5,638412.67,7045.03,0.01,353163.07,-0.02,721929.31,729130.76,7201.44,0.01
232,02/20/2043,2340.0,1462.5,90718.08,877.5,90874.5,156.42,0.0,638412.67,1112.47,877.5,640402.65,1989.98,0.0,354275.54,-0.02,729130.76,731277.15,2146.39,0.0
233,03/22/2043,2340.0,1462.5,90874.5,877.5,91030.92,156.42,0.0,640402.65,18404.65,877.5,659684.8,19282.15,0.03,372680.2,0.03,731277.15,750715.72,19438.57,0.03
234,04/21/2043,2340.0,1462.5,91030.92,877.5,91187.33,156.42,0.0,659684.8,9591.3,877.5,670153.6,10468.8,0.02,382271.49,0.03,750715.72,761340.94,10625.22,0.01
235,05/21/2043,2340.0,1462.5,91187.33,877.5,91343.75,156.42,0.0,670153.6,45640.54,877.5,716671.64,46518.04,0.07,427912.03,0.12,761340.94,808015.39,46674.46,0.06
236,06/20/2043,2340.0,1462.5,91343.75,877.5,91500.17,156.42,0.0,716671.64,643.96,877.5,718193.11,1521.46,0.0,428555.99,0.0,808015.39,809693.27,1677.88,0.0
237,07/20/2043,2340.0,1462.5,91500.17,877.5,91656.58,156.42,0.0,718193.11,454.26,877.5,719524.87,1331.76,0.0,429010.25,0.0,809693.27,811181.45,1488.18,0.0
238,08/19/2043,2340.0,1462.5,91656.58,877.5,91813.0,156.42,0.0,719524.87,-19601.57,877.5,700800.8,-18724.07,-0.03,409408.68,-0.05,811181.45,792613.8,-18567.66,-0.02
239,09/18/2043,2340.0,1462.5,91813.0,877.5,91969.42,156.42,0.0,700800.8,6451.89,877.5,708130.19,7329.39,0.01,415860.57,-0.03,792613.8,800099.6,7485.81,0.01
240,10/18/2043,4590.0,1462.5,91969.42,3127.5,92125.83,156.42,0.0,708130.19,22547.32,3127.5,733805.01,25674.82,0.04,438407.89,0.02,800099.6,825930.85,25831.24,0.03
241,11/17/2043,2340.0,1462.5,92125.83,877.5,92282.25,156.42,0.0,733805.01,-12445.74,877.5,722236.78,-11568.24,-0.02,425962.15,-0.03,825930.85,814519.03,-11411.82,-0.01
242,12/17/2043,2340.0,1484.44,92282.25,855.56,92438.67,156.42,0.0,722236.78,4854.89,855.56,727947.23,5710.45,0.01,430817.04,-0.02,814519.03,820385.89,5866.87,0.01
243,01/16/2044,2340.0,1484.44,92438.67,855.56,92595.08,156.42,0.0,727947.23,24070.16,855.56,752872.96,24925.73,0.03,454887.2,0.04,820385.89,845468.04,25082.15,0.03
244,02/15/2044,2340.0,1484.44,92595.08,855.56,92751.5,156.42,0.0,752872.96,3066.78,855.56,756795.31,3922.35,0.01,457953.99,0.01,845468.04,849546.81,4078.77,0.0
245,03/16/2044,2340.0,1484.44,92751.5,855.56,92907.92,156.42,0.0,756795.31,-7096.23,855.56,750554.64,-6240.67,-0.01,450857.76,-0.02,849546.81,843462.56,-6084.25,-0.01
246,04/15/2044,2340.0,1484.44,92907.92,855.56,93064.33,156.42,0.0,750554.64,31368.88,855.56,782779.09,32224.45,0.04,482226.64,0.05,843462.56,875843.42,32380.86,0.04
247,05/15/2044,2340.0,1484.44,93064.33,855.56,93220.75,156.42,0.0,782779.09,9199.46,855.56,792834.12,10055.03,0.01,491426.1,0.02,875843.42,886054.87,10211.45,0.01
248,06/14/2044,2340.0,1484.44,93220.75,855.56,93377.17,156.42,0.0,792834.12,17461.52,855.56,811151.21,18317.09,0.02,508887.63,0.04,886054.87,904528.37,18473.51,0.02
249,07/14/2044,2340.0,1484.44,93377.17,855.56,93533.58,156.42,0.0,811151.21,39417.32,855.56,851424.09,40272.89,0.05,548304.95,0.08,904528.37,944957.68,40429.3,0.04
250,08/13/2044,2340.0,1484.44,93533.58,855.56,93690.0,156.42,0.0,851424.09,40612.98,855.56,892892.64,41468.54,0.05,588917.93,0.07,944957.68,986582.64,41624.96,0.04
251,09/12/2044,2340.0,1484.44,93690.0,855.56,93846.42,156.42,0.0,892892.64,-3108.0,855.56,890640.2,-2252.44,-0.0,585809.93,-0.01,986582.64,984486.62,-2096.02,-0.0
252,10/12/2044,4590.0,1484.44,93846.42,3105.56,94002.83,156.42,0.0,890640.2,-8543.43,3105.56,885202.33,-5437.87,-0.01,577266.5,-0.02,984486.62,979205.17,-5281.45,-0.01
253,11/11/2044,2340.0,1484.44,94002.83,855.56,94159.25,156.42,0.0,885202.33,16088.34,855.56,902146.24,16943.91,0.02,593354.84,0.01,979205.17,996305.49,17100.32,0.02
254,12/11/2044,2340.0,1506.7,94159.25,833.3,94315.67,156.42,0.0,902146.24,3492.99,833.3,906472.52,4326.28,0.0,596847.83,0.01,996305.49,1000788.19,4482.7,0.0
255,01/10/2045,2340.0,1506.7,94315.67,833.3,94472.08,156.42,0.0,906472.52,-51418.66,833.3,855887.17,-50585.36,-0.06,545429.17,-0.09,1000788.19,950359.25,-50428.94,-0.05
256,02/09/2045,2340.0,1506.7,94472.08,833.3,94628.5,156.42,0.0,855887.17,44642.68,833.3,901363.14,45475.98,0.05,590071.85,-0.01,950359.25,995991.64,45632.39,0.05
257,03/11/2045,2340.0,1506.7,94628.5,833.3,94784.92,156.42,0.0,901363.14,8192.75,833.3,910389.19,9026.05,0.01,598264.6,0.0,995991.64,1005174.11,9182.46,0.01
258,04/10/2045,2340.0,1506.7,94784.92,833.3,94941.33,156.42,0.0,910389.19,30659.11,833.3,941881.6,31492.41,0.03,628923.71,0.05,1005174.11,1036822.93,31648.83,0.03
259,05/10/2045,2340.0,1506.7,94941.33,833.3,95097.75,156.42,0.0,941881.6,-29947.89,833.3,912767.01,-29114.59,-0.03,598975.82,-0.05,1036822.93,1007864.76,-28958.17,-0.03
260,06/09/2045,2340.0,1506.7,95097.75,833.3,95254.17,156.42,0.0,912767.01,48011.45,833.3,961611.76,48844.75,0.05,646987.27,0.03,1007864.76,1056865.93,49001.17,0.05
261,07/09/2045,2340.0,1506.7,95254.17,833.3,95410.58,156.42,0.0,961611.76,-11296.16,833.3,951148.9,-10462.86,-0.01,635691.12,-0.02,1056865.93,1046559.48,-10306.44,-0.01
262,08/08/2045,2340.0,1506.7,95410.58,833.3,95567.0,156.42,0.0,951148.9,4502.06,833.3,956484.26,5335.36,0.01,640193.17,-0.01,1046559.48,1052051.26,5491.77,0.01
263,09/07/2045,2340.0,1506.7,95567.0,833.3,95723.42,156.42,0.0,956484.26,-37907.11,833.3,919410.44,-37073.82,-0.04,602286.06,-0.07,1052051.26,1015133.86,-36917.4,-0.04
264,10/07/2045,4590.0,1506.7,95723.42,3083.3,95879.83,156.42,0.0,919410.44,2482.76,3083.3,924976.5,5566.06,0.01,604768.83,-0.07,1015133.86,1020856.34,5722.48,0.01
265,11/06/2045,2340.0,1506.7,95879.83,833.3,96036.25,156.42,0.0,924976.5,504.13,833.3,926313.93,1337.43,0.0,605272.95,-0.06,1020856.34,1022350.18,1493.84,0.0
266,12/06/2045,2340.0,1529.3,96036.25,810.7,96192.67,156.42,0.0,926313.93,1916.59,810.7,929041.22,2727.29,0.0,607189.54,-0.06,1022350.18,1025233.89,2883.71,0.0
267,01/05/2046,2340.0,1529.3,96192.67,810.7,96349.08,156.42,0.0,929041.22,21797.52,810.7,951649.44,22608.22,0.02,628987.06,-0.03,1025233.89,1047998.52,22764.63,0.02
268,02/04/2046,2340.0,1529.3,96349.08,810.7,96505.5,156.42,0.0,951649.44,9987.29,810.7,962447.42,10797.99,0.01,638974.35,-0.01,1047998.52,1058952.92,10954.4,0.01
269,03/06/2046,2340.0,1529.3,96505.5,810.7,96661.92,156.42,0.0,962447.42,40313.55,810.7,1003571.67,41124.24,0.04,679287.9,0.05,1058952.92,1100233.58,41280.66,0.04
270,04/05/2046,2340.0,1529.3,96661.92,810.7,96818.33,156.42,0.0,1003571.67,-7655.78,810.7,996726.59,-6845.08,-0.01,671632.12,-0.01,1100233.58,1093544.92,-6688.66,-0.01
271,05/05/2046,2340.0,1529.3,96818.33,810.7,96974.75,156.42,0.0,996726.59,-25645.38,810.7,971891.9,-24834.69,-0.02,645986.74,-0.05,1093544.92,1068866.65,-24678.27,-0.02
272,06/04/2046,2340.0,1529.3,96974.75,810.7,97131.17,156.42,0.0,971891.9,7551.77,810.7,980254.37,8362.46,0.01,653538.5,-0.04,1068866.65,1077385.53,8518.88,0.01
273,07/04/2046,2340.0,1529.3,97131.17,810.7,97287.58,156.42,0.0,980254.37,29381.26,810.7,1010446.32,30191.95,0.03,682919.76,0.01,1077385.53,1107733.9,30348.37,0.03
274,08/03/2046,2340.0,1529.3,97287.58,810.7,97444.0,156.42,0.0,1010446.32,51639.97,810.7,1062896.99,52450.67,0.05,734559.73,0.08,1107733.9,1160340.99,52607.08,0.05
275,09/02/2046,2340.0,1529.3,97444.0,810.7,97600.42,156.42,0.0,1062896.99,38621.44,810.7,1102329.13,39432.14,0.04,773181.17,0.05,1160340.99,1199929.54,39588.56,0.03
276,10/02/2046,4590.0,1529.3,97600.42,3060.7,97756.83,156.42,0.0,1102329.13,-57447.22,3060.7,1047942.6,-54386.53,-0.05,715733.95,-0.07,1199929.54,1145699.43,-54230.11,-0.05
277,11/01/2046,2340.0,1529.3,97756.83,810.7,97913.25,156.42,0.0,1047942.6,22379.12,810.7,1071132.41,23189.81,0.02,738113.06,-0.05,1145699.43,1169045.66,23346.23,0.02
278,12/01/2046,2340.0,1552.24,97913.25,787.76,98069.67,156.42,0.0,1071132.41,62665.34,787.76,1134585.51,63453.1,0.06,800778.41,0.04,1169045.66,1232655.18,63609.52,0.05
279,12/31/2046,2340.0,1552.24,98069.67,787.76,98226.08,156.42,0.0,1134585.51,11993.93,787.76,1147367.2,12781.69,0.01,812772.34,0.01,1232655.18,1245593.29,12938.11,0.01
280,01/30/2047,2340.0,1552.24,98226.08,787.76,98382.5,156.42,0.0,1147367.2,-10636.73,787.76,1137518.23,-9848.98,-0.01,802135.6,-0.01,1245593.29,1235900.73,-9692.56,-0.01
281,03/01/2047,2340.0,1552.24,98382.5,787.76,98538.92,156.42,0.0,1137518.23,21643.53,787.76,1159949.51,22431.29,0.02,823779.13,0.01,1235900.73,1258488.43,22587.7,0.02
282,03/31/2047,2340.0,1552.24,98538.92,787.76,98695.33,156.42,0.0,1159949.51,-10244.22,787.76,1150493.05,-9456.46,-0.01,813534.92,-0.01,1258488.43,1249188.39,-9300.04,-0.01
283,04/30/2047,2340.0,1552.24,98695.33,787.76,98851.75,156.42,0.0,1150493.05,34907.76,787.76,1186188.57,35695.52,0.03,848442.67,0.03,1249188.39,1285040.32,35851.93,0.03
284,05/30/2047,2340.0,1552.24,98851.75,787.76,99008.17,156.42,0.0,1186188.57,9465.5,787.76,1196441.82,10253.25,0.01,857908.17,0.01,1285040.32,1295449.99,10409.67,0.01
285,06/29/2047,2340.0,1552.24,99008.17,787.76,99164.58,156.42,0.0,1196441.82,67232.3,787.76,1264461.89,68020.06,0.06,925140.47,0.08,1295449.99,1363626.47,68176.48,0.05
286,07/29/2047,2340.0,1552.24,99164.58,787.76,99321.0,156.42,0.0,1264461.89,32312.19,787.76,1297561.83,33099.94,0.03,957452.66,0.03,1363626.47,1396882.83,33256.36,0.02
287,08/28/2047,2340.0,1552.24,99321.0,787.76,99477.42,156.42,0.0,1297561.83,-21277.15,787.76,1277072.43,-20489.4,-0.02,936175.51,-0.02,1396882.83,1376549.85,-20332.98,-0.01
288,09/27/2047,4590.0,1552.24,99477.42,3037.76,99633.83,156.42,0.0,1277072.43,37238.31,3037.76,1317348.51,40276.07,0.03,973413.82,0.02,1376549.85,1416982.34,40432.49,0.03
289,10/27/2047,2340.0,1552.24,99633.83,787.76,99790.25,156.42,0.0,1317348.51,53382.5,787.76,1371518.76,54170.26,0.04,1026796.32,0.05,1416982.34,1471309.01,54326.67,0.04
290,11/26/2047,2340.0,1575.53,99790.25,764.47,99946.67,156.42,0.0,1371518.76,-15179.83,764.47,1357103.41,-14415.35,-0.01,1011616.49,-0.01,1471309.01,1457050.08,-14258.93,-0.01
291,12/26/2047,2340.0,1575.53,99946.67,764.47,100103.08,156.42,0.0,1357103.41,-8381.21,764.47,1349486.68,-7616.73,-0.01,1003235.28,-0.02,1457050.08,1449589.76,-7460.32,-0.01
292,01/25/2048,2340.0,1575.53,100103.08,764.47,100259.5,156.42,0.0,1349486.68,-95304.84,764.47,1254946.31,-94540.37,-0.07,907930.44,-0.12,1449589.76,1355205.81,-94383.95,-0.07
293,02/24/2048,2340.0,1575.53,100259.5,764.47,100415.92,156.42,0.0,1254946.31,49450.64,764.47,1305161.42,50215.11,0.04,957381.08,-0.07,1355205.81,1405577.34,50371.53,0.04
294,03/25/2048,2340.0,1575.53,100415.92,764.47,100572.33,156.42,0.0,1305161.42,-15309.12,764.47,1290616.78,-14544.64,-0.01,942071.96,-0.08,1405577.34,1391189.11,-14388.22,-0.01
295,04/24/2048,2340.0,1575.53,100572.33,764.47,100728.75,156.42,0.0,1290616.78,-83055.54,764.47,1208325.71,-82291.07,-0.06,859016.42,-0.16,1391189.11,1309054.46,-82134.65,-0.06
296,05/24/2048,2340.0,1575.53,100728.75,764.47,100885.17,156.42,0.0,1208325.71,-63109.2,764.47,1145980.99,-62344.72,-0.05,795907.22,-0.22,1309054.46,1246866.16,-62188.3,-0.05
297,06/23/2048,2340.0,1575.53,100885.17,764.47,101041.58,156.42,0.0,1145980.99,893.92,764.47,1147639.38,1658.39,0.0,796801.14,-0.22,1246866.16,1248680.96,1814.81,0.0
298,07/23/2048,2340.0,1575.53,101041.58,764.47,101198.0,156.42,0.0,1147639.38,39604.57,764.47,1188008.42,40369.05,0.04,836405.71,-0.19,1248680.96,1289206.42,40525.46,0.03
299,08/22/2048,2340.0,1575.53,101198.0,764.47,101354.42,156.42,0.0,1188008.42,6381.02,764.47,1195153.92,7145.49,0.01,842786.73,-0.18,1289206.42,1296508.34,7301.91,0.01
300,09/21/2048,4590.0,1575.53,101354.42,3014.47,101510.83,156.42,0.0,1195153.92,29404.81,3014.47,1227573.2,32419.28,0.03,872191.54,-0.15,1296508.34,1329084.04,32575.7,0.03
301,10/21/2048,2340.0,1575.53,101510.83,764.47,101667.25,156.42,0.0,1227573.2,-36025.36,764.47,1192312.32,-35260.88,-0.03,836166.18,-0.19,1329084.04,1293979.57,-35104.47,-0.03
302,11/20/2048,2340.0,1599.16,101667.25,740.84,101823.67,156.42,0.0,1192312.32,-44797.79,740.84,1148255.37,-44056.95,-0.04,791368.39,-0.23,1293979.57,1250079.03,-43900.54,-0.03
303,12/20/2048,2340.0,1599.16,101823.67,740.84,101980.08,156.42,0.0,1148255.37,44550.16,740.84,1193546.37,45291.0,0.04,835918.55,-0.19,1250079.03,1295526.45,45447.42,0.04
304,01/19/2049,2340.0,1599.16,101980.08,740.84,102136.5,156.42,0.0,1193546.37,30198.84,740.84,1224486.05,30939.68,0.03,866117.39,-0.16,1295526.45,1326622.55,31096.1,0.02
305,02/18/2049,2340.0,1599.16,102136.5,740.84,102292.92,156.42,0.0,1224486.05,9035.68,740.84,1234262.57,9776.52,0.01,875153.07,-0.15,1326622.55,1336555.49,9932.94,0.01
306,03/20/2049,2340.0,1599.16,102292.92,740.84,102449.33,156.42,0.0,1234262.57,64663.45,740.84,1299666.86,65404.29,0.05,939816.51,-0.08,1336555.49,1402116.19,65560.7,0.05
307,04/19/2049,2340.0,1599.16,102449.33,740.84,102605.75,156.42,0.0,1299666.86,-31442.15,740.84,1268965.55,-30701.31,-0.02,908374.36,-0.12,1402116.19,1371571.3,-30544.9,-0.02
308,05/19/2049,2340.0,1599.16,102605.75,740.84,102762.17,156.42,0.0,1268965.55,-7596.33,740.84,1262110.06,-6855.49,-0.01,900778.03,-0.12,1371571.3,1364872.22,-6699.07,-0.0
309,06/18/2049,2340.0,1599.16,102762.17,740.84,102918.58,156.42,0.0,1262110.06,55054.83,740.84,1317905.73,55795.67,0.04,955832.86,-0.07,1364872.22,1420824.31,55952.09,0.04
310,07/18/2049,2340.0,1599.16,102918.58,740.84,103075.0,156.42,0.0,1317905.73,94159.41,740.84,1412805.98,94900.26,0.07,1049992.27,0.02,1420824.31,1515880.98,95056.67,0.07
311,08/17/2049,2340.0,1599.16,103075.0,740.84,103231.42,156.42,0.0,1412805.98,12311.59,740.84,1425858.42,13052.44,0.01,1062303.86,0.01,1515880.98,1529089.84,13208.85,0.01
312,09/16/2049,4590.0,1599.16,103231.42,2990.84,103387.83,156.42,0.0,1425858.42,94133.38,2990.84,1522982.64,97124.22,0.07,1156437.25,0.09,1529089.84,1626370.47,97280.64,0.06
313,10/16/2049,2340.0,1599.16,103387.83,740.84,103544.25,156.42,0.0,1522982.64,-18634.74,740.84,1505088.74,-17893.9,-0.01,1137802.51,-0.02,1626370.47,1608632.99,-17737.48,-0.01
314,11/15/2049,2340.0,1623.15,103544.25,716.85,103700.67,156.42,0.0,1505088.74,29699.92,716.85,1535505.52,30416.78,0.02,1167502.43,0.01,1608632.99,1639206.19,30573.19,0.02
315,12/15/2049,2340.0,1623.15,103700.67,716.85,103857.08,156.42,0.0,1535505.52,3784.52,716.85,1540006.89,4501.37,0.0,1171286.95,0.0,1639206.19,1643863.98,4657.79,0.0
316,01/14/2050,2340.0,1623.15,103857.08,716.85,104013.5,156.42,0.0,1540006.89,-70899.15,716.85,1469824.6,-70182.29,-0.05,1100387.8,-0.06,1643863.98,1573838.1,-70025.88,-0.04
317,02/13/2050,2340.0,1623.15,104013.5,716.85,104169.92,156.42,0.0,1469824.6,25386.3,716.85,1495927.76,26103.16,0.02,1125774.11,-0.04,1573838.1,1600097.68,26259.58,0.02
318,03/15/2050,2340.0,1623.15,104169.92,716.85,104326.33,156.42,0.0,1495927.76,60451.67,716.85,1557096.29,61168.53,0.04,1186225.78,0.01,1600097.68,1661422.62,61324.95,0.04
319,04/14/2050,2340.0,1623.15,104326.33,716.85,104482.75,156.42,0.0,1557096.29,5202.33,716.85,1563015.47,5919.19,0.0,1191428.11,0.0,1661422.62,1667498.22,6075.6,0.0
320,05/14/2050,2340.0,1623.15,104482.75,716.85,104639.17,156.42,0.0,1563015.47,9392.69,716.85,1573125.02,10109.55,0.01,1200820.8,0.01,1667498.22,1677764.19,10265.96,0.01
321,06/13/2050,2340.0,1623.15,104639.17,716.85,104795.58,156.42,0.0,1573125.02,88395.54,716.85,1662237.41,89112.39,0.06,1289216.34,0.07,1677764.19,1767033.0,89268.81,0.05
322,07/13/2050,2340.0,1623.15,104795.58,716.85,104952.0,156.42,0.0,1662237.41,-57229.67,716.85,1605724.59,-56512.82,-0.03,1231986.67,-0.04,1767033.0,1710676.59,-56356.4,-0.03
323,08/12/2050,2340.0,1623.15,104952.0,716.85,105108.42,156.42,0.0,1605724.59,-68932.67,716.85,1537508.78,-68215.81,-0.04,1163054.0,-0.1,1710676.59,1642617.2,-68059.4,-0.04
324,09/11/2050,4590.0,1623.15,105108.42,2966.85,105264.83,156.42,0.0,1537508.78,-21529.25,2966.85,1518946.39,-18562.39,-0.01,1141524.76,-0.11,1642617.2,1624211.22,-18405.97,-0.01
325,10/11/2050,2340.0,1623.15,105264.83,716.85,105421.25,156.42,0.0,1518946.39,-49530.92,716.85,1470132.32,-48814.07,-0.03,1091993.84,-0.15,1624211.22,1575553.57,-48657.65,-0.03
326,11/10/2050,2340.0,1647.49,105421.25,692.51,105577.67,156.42,0.0,1470132.32,80257.1,692.51,1551081.93,80949.61,0.06,1172250.94,-0.09,1575553.57,1656659.6,81106.02,0.05
327,12/10/2050,2340.0,1647.49,105577.67,692.51,105734.08,156.42,0.0,1551081.93,29540.49,692.51,1581314.93,30233.0,0.02,1201791.43,-0.07,1656659.6,1687049.02,30389.42,0.02
328,01/09/2051,2340.0,1647.49,105734.08,692.51,105890.5,156.42,0.0,1581314.93,-33532.99,692.51,1548474.45,-32840.49,-0.02,1168258.44,-0.09,1687049.02,1654364.95,-32684.07,-0.02
329,02/08/2051,2340.0,1647.49,105890.5,692.51,106046.92,156.42,0.0,1548474.45,-19582.17,692.51,1529584.78,-18889.67,-0.01,1148676.26,-0.11,1654364.95,1635631.7,-18733.25,-0.01
330,03/10/2051,2340.0,1647.49,106046.92,692.51,106203.33,156.42,0.0,1529584.78,162955.68,692.51,1693232.96,163648.18,0.11,1311631.94,0.02,1635631.7,1799436.3,163804.6,0.1
331,04/09/2051,2340.0,1647.49,106203.33,692.51,106359.75,156.42,0.0,1693232.96,-21157.96,692.51,1672767.51,-20465.45,-0.01,1290473.98,-0.02,1799436.3,1779127.26,-20309.03,-0.01
332,05/09/2051,2340.0,1647.49,106359.75,692.51,106516.17,156.42,0.0,1672767.51,-29617.48,692.51,1643842.54,-28924.97,-0.02,1260856.5,-0.04,1779127.26,1750358.71,-28768.56,-0.02
333,06/08/2051,2340.0,1647.49,106516.17,692.51,106672.58,156.42,0.0,1643842.54,31003.75,692.51,1675538.8,31696.25,0.02,1291860.25,-0.02,1750358.71,1782211.38,31852.67,0.02
334,07/08/2051,2340.0,1647.49,106672.58,692.51,106829.0,156.42,0.0,1675538.8,50789.01,692.51,1727020.31,51481.52,0.03,1342649.26,0.02,1782211.38,1833849.31,51637.94,0.03
335,08/07/2051,2340.0,1647.49,106829.0,692.51,106985.42,156.42,0.0,1727020.31,27679.27,692.51,1755392.09,28371.77,0.02,1370328.53,0.02,1833849.31,1862377.5,28528.19,0.02
336,09/06/2051,4590.0,1647.49,106985.42,2942.51,107141.83,156.42,0.0,1755392.09,-39905.09,2942.51,1718429.5,-36962.58,-0.02,1330423.44,-0.03,1862377.5,1825571.34,-36806.17,-0.02
337,10/06/2051,2340.0,1647.49,107141.83,692.51,107298.25,156.42,0.0,1718429.5,-53829.81,692.51,1665292.2,-53137.31,-0.03,1276593.63,-0.07,1825571.34,1772590.45,-52980.89,-0.03
338,11/05/2051,2340.0,1672.21,107298.25,667.79,107454.67,156.42,0.0,1665292.2,48073.59,667.79,1714033.59,48741.39,0.03,1324667.22,-0.03,1772590.45,1821488.25,48897.81,0.03
339,12/05/2051,2340.0,1672.21,107454.67,667.79,107611.08,156.42,0.0,1714033.59,11256.21,667.79,1725957.6,11924.01,0.01,1335923.44,-0.03,1821488.25,1833568.68,12080.43,0.01
340,01/04/2052,2340.0,1672.21,107611.08,667.79,107767.5,156.42,0.0,1725957.6,-82607.75,667.79,1644017.64,-81939.96,-0.05,1253315.68,-0.09,1833568.68,1751785.14,-81783.54,-0.04
341,02/03/2052,2340.0,1672.21,107767.5,667.79,107923.92,156.42,0.0,1644017.64,79867.76,667.79,1724553.19,80535.55,0.05,1333183.44,-0.03,1751785.14,1832477.11,80691.97,0.05
342,03/04/2052,2340.0,1672.21,107923.92,667.79,108080.33,156.42,0.0,1724553.19,60381.13,667.79,1785602.11,61048.92,0.04,1393564.57,0.02,1832477.11,1893682.45,61205.34,0.03
343,04/03/2052,2340.0,1672.21,108080.33,667.79,108236.75,156.42,0.0,1785602.11,290.44,667.79,1786560.35,958.23,0.0,1393855.01,0.0,1893682.45,1894797.1,1114.65,0.0
344,05/03/2052,2340.0,1672.21,108236.75,667.79,108393.17,156.42,0.0,1786560.35,-892.39,667.79,1786335.75,-224.6,-0.0,1392962.61,-0.0,1894797.1,1894728.91,-68.18,-0.0
345,06/02/2052,2340.0,1672.21,108393.17,667.79,108549.58,156.42,0.0,1786335.75,29228.89,667.79,1816232.43,29896.68,0.02,1422191.5,0.02,1894728.91,1924782.01,30053.1,0.02
346,07/02/2052,2340.0,1672.21,108549.58,667.79,108706.0,156.42,0.0,1816232.43,-27485.55,667.79,1789414.67,-26817.76,-0.01,1394705.95,-0.02,1924782.01,1898120.67,-26661.34,-0.01
347,08/01/2052,2340.0,1672.21,108706.0,667.79,108862.42,156.42,0.0,1789414.67,-67658.51,667.79,1722423.95,-66990.72,-0.04,1327047.44,-0.07,1898120.67,1831286.37,-66834.3,-0.04
348,08/31/2052,4590.0,1672.21,108862.42,2917.79,109018.83,156.42,0.0,1722423.95,33561.44,2917.79,1758903.18,36479.23,0.02,1360608.87,-0.04,1831286.37,1867922.02,36635.65,0.02
349,09/30/2052,2340.0,1672.21,109018.83,667.79,109175.25,156.42,0.0,1758903.18,-71979.95,667.79,1687591.03,-71312.16,-0.04,1288628.92,-0.09,1867922.02,1796766.28,-71155.74,-0.04
350,10/30/2052,2340.0,1697.29,109175.25,642.71,109331.67,156.42,0.0,1687591.03,36829.99,642.71,1725063.73,37472.7,0.02,1325458.91,-0.07,1796766.28,1834395.39,37629.12,0.02
351,11/29/2052,2340.0,1697.29,109331.67,642.71,109488.08,156.42,0.0,1725063.73,-70720.6,642.71,1654985.84,-70077.88,-0.04,1254738.31,-0.12,1834395.39,1764473.93,-69921.47,-0.04
352,12/29/2052,2340.0,1697.29,109488.08,642.71,109644.5,156.42,0.0,1654985.84,8313.52,642.71,1663942.07,8956.23,0.01,1263051.83,-0.11,1764473.93,1773586.57,9112.65,0.01
353,01/28/2053,2340.0,1697.29,109644.5,642.71,109800.92,156.42,0.0,1663942.07,6279.54,642.71,1670864.32,6922.25,0.0,1269331.37,-0.11,1773586.57,1780665.24,7078.67,0.0
354,02/27/2053,2340.0,1697.29,109800.92,642.71,109957.33,156.42,0.0,1670864.32,116216.21,642.71,1787723.24,116858.92,0.07,1385547.57,-0.03,1780665.24,1897680.57,117015.33,0.07
355,03/29/2053,2340.0,1697.29,109957.33,642.71,110113.75,156.42,0.0,1787723.24,-50188.6,642.71,1738177.35,-49545.89,-0.03,1335358.97,-0.06,1897680.57,1848291.1,-49389.47,-0.03
356,04/28/2053,2340.0,1697.29,110113.75,642.71,110270.17,156.42,0.0,1738177.35,-69692.88,642.71,1669127.18,-69050.17,-0.04,1265666.09,-0.11,1848291.1,1779397.35,-68893.75,-0.04
357,05/28/2053,2340.0,1697.29,110270.17,642.71,110426.58,156.42,0.0,1669127.18,-22922.27,642.71,1646847.62,-22279.56,-0.01,1242743.82,-0.13,1779397.35,1757274.21,-22123.14,-0.01
358,06/27/2053,2340.0,1697.29,110426.58,642.71,110583.0,156.42,0.0,1646847.62,-49585.28,642.71,1597905.05,-48942.57,-0.03,1193158.54,-0.16,1757274.21,1708488.05,-48786.15,-0.03
359,07/27/2053,2340.0,1697.29,110583.0,642.71,110739.42,156.42,0.0,1597905.05,-18852.93,642.71,1579694.83,-18210.22,-0.01,1174305.61,-0.17,1708488.05,1690434.25,-18053.81,-0.01
360,08/26/2053,4590.0,1697.29,110739.42,2892.71,110895.83,156.42,0.0,1579694.83,36104.39,2892.71,1618691.93,38997.1,0.02,1210410.0,-0.15,1690434.25,1729587.76,39153.51,0.02
361,09/25/2053,2340.0,1697.29,110895.83,642.71,111052.25,156.42,0.0,1618691.93,56488.61,642.71,1675823.25,57131.32,0.04,1266898.6,-0.11,1729587.76,1786875.5,57287.74,0.03
362,10/25/2053,2340.0,1722.75,111052.25,617.25,111208.67,156.42,0.0,1675823.25,109488.82,617.25,1785929.32,110106.07,0.07,1376387.42,-0.03,1786875.5,1897137.98,110262.49,0.06
363,11/24/2053,2340.0,1722.75,111208.67,617.25,111365.08,156.42,0.0,1785929.32,-30068.56,617.25,1756478.01,-29451.31,-0.02,1346318.86,-0.05,1897137.98,1867843.09,-29294.89,-0.02
364,12/24/2053,2340.0,1722.75,111365.08,617.25,111521.5,156.42,0.0,1756478.01,173724.53,617.25,1930819.79,174341.78,0.1,1520043.38,0.07,1867843.09,2042341.29,174498.2,0.09
365,01/23/2054,2340.0,1722.75,111521.5,617.25,111677.92,156.42,0.0,1930819.79,147510.07,617.25,2078947.11,148127.32,0.08,1667553.46,0.1,2042341.29,2190625.03,148283.74,0.07
366,02/22/2054,2340.0,1722.75,111677.92,617.25,111834.33,156.42,0.0,2078947.11,3006.37,617.25,2082570.73,3623.62,0.0,1670559.82,0.0,2190625.03,2194405.06,3780.04,0.0
367,03/24/2054,2340.0,1722.75,111834.33,617.25,111990.75,156.42,0.0,2082570.73,-146094.56,617.25,1937093.42,-145477.31,-0.07,1524465.26,-0.09,2194405.06,2049084.17,-145320.89,-0.07
368,04/23/2054,2340.0,1722.75,111990.75,617.25,112147.17,156.42,0.0,1937093.42,10799.89,617.25,1948510.56,11417.14,0.01,1535265.15,-0.08,2049084.17,2060657.73,11573.56,0.01
369,05/23/2054,2340.0,1722.75,112147.17,617.25,112303.58,156.42,0.0,1948510.56,21261.68,617.25,1970389.5,21878.94,0.01,1556526.83,-0.07,2060657.73,2082693.08,22035.35,0.01
370,06/22/2054,2340.0,1722.75,112303.58,617.25,112460.0,156.42,0.0,1970389.5,-138753.91,617.25,1832252.84,-138136.66,-0.07,1417772.93,-0.15,2082693.08,1944712.84,-137980.24,-0.07
371,07/22/2054,2340.0,1722.75,112460.0,617.25,112616.42,156.42,0.0,1832252.84,20076.31,617.25,1852946.4,20693.56,0.01,1437849.23,-0.14,1944712.84,1965562.81,20849.97,0.01
372,08/21/2054,4590.0,1722.75,112616.42,2867.25,112772.83,156.42,0.0,1852946.4,2893.84,2867.25,1858707.49,5761.09,0.0,1440743.07,-0.14,1965562.81,1971480.32,5917.51,0.0
373,09/20/2054,2340.0,1722.75,112772.83,617.25,112929.25,156.42,0.0,1858707.49,-34419.41,617.25,1824905.33,-33802.16,-0.02,1406323.66,-0.16,1971480.32,1937834.58,-33645.74,-0.02
374,10/20/2054,2340.0,1748.59,112929.25,591.41,113085.67,156.42,0.0,1824905.33,54589.25,591.41,1880085.99,55180.66,0.03,1460912.91,-0.13,1937834.58,1993171.66,55337.07,0.03
375,11/19/2054,2340.0,1748.59,113085.67,591.41,113242.08,156.42,0.0,1880085.99,80656.35,591.41,1961333.75,81247.76,0.04,1541569.25,-0.08,1993171.66,2074575.83,81404.17,0.04
376,12/19/2054,2340.0,1748.59,113242.08,591.41,113398.5,156.42,0.0,1961333.75,-16174.0,591.41,1945751.15,-15582.59,-0.01,1525395.25,-0.09,2074575.83,2059149.65,-15426.17,-0.01
377,01/18/2055,2340.0,1748.59,113398.5,591.41,113554.92,156.42,0.0,1945751.15,31705.2,591.41,1978047.77,32296.62,0.02,1557100.46,-0.07,2059149.65,2091602.69,32453.03,0.02
378,02/17/2055,2340.0,1748.59,113554.92,591.41,113711.33,156.42,0.0,1978047.77,-27749.03,591.41,1950890.15,-27157.62,-0.01,1529351.43,-0.08,2091602.69,2064601.48,-27001.2,-0.01
379,03/19/2055,2340.0,1748.59,113711.33,591.41,113867.75,156.42,0.0,1950890.15,-36186.27,591.41,1915295.29,-35594.86,-0.02,1493165.16,-0.11,2064601.48,2029163.04,-35438.44,-0.02
380,04/18/2055,2340.0,1748.59,113867.75,591.41,114024.17,156.42,0.0,1915295.29,21358.28,591.41,1937244.98,21949.69,0.01,1514523.43,-0.09,2029163.04,2051269.15,22106.1,0.01
381,05/18/2055,2340.0,1748.59,114024.17,591.41,114180.58,156.42,0.0,1937244.98,51093.51,591.41,1988929.9,51684.92,0.03,1565616.94,-0.06,2051269.15,2103110.48,51841.33,0.03
382,06/17/2055,2340.0,1748.59,114180.58,591.41,114337.0,156.42,0.0,1988929.9,-21661.13,591.41,1967860.18,-21069.72,-0.01,1543955.81,-0.08,2103110.48,2082197.18,-20913.3,-0.01
383,07/17/2055,2340.0,1748.59,114337.0,591.41,114493.42,156.42,0.0,1967860.18,-132800.83,591.41,1835650.76,-132209.42,-0.07,1411154.98,-0.16,2082197.18,1950144.18,-132053.0,-0.06
384,08/16/2055,4590.0,1748.59,114493.42,2841.41,114649.83,156.42,0.0,1835650.76,52339.63,2841.41,1890831.81,55181.05,0.03,1463494.62,-0.12,1950144.18,2005481.64,55337.46,0.03
385,09/15/2055,2340.0,1748.59,114649.83,591.41,114806.25,156.42,0.0,1890831.81,-87589.27,591.41,1803833.95,-86997.86,-0.05,1375905.35,-0.18,2005481.64,1918640.2,-86841.44,-0.04
386,10/15/2055,2340.0,1774.82,114806.25,565.18,114962.67,156.42,0.0,1803833.95,22744.33,565.18,1827143.47,23309.52,0.01,1398649.68,-0.16,1918640.2,1942106.13,23465.93,0.01
387,11/14/2055,2340.0,1774.82,114962.67,565.18,115119.08,156.42,0.0,1827143.47,126860.38,565.18,1954569.03,127425.56,0.07,1525510.06,-0.09,1942106.13,2069688.11,127581.98,0.07
388,12/14/2055,2340.0,1774.82,115119.08,565.18,115275.5,156.42,0.0,1954569.03,15339.94,565.18,1970474.15,15905.12,0.01,1540850.0,-0.08,2069688.11,2085749.65,16061.54,0.01
389,01/13/2056,2340.0,1774.82,115275.5,565.18,115431.92,156.42,0.0,1970474.15,-63790.27,565.18,1907249.06,-63225.09,-0.03,1477059.73,-0.12,2085749.65,2022680.98,-63068.67,-0.03
390,02/12/2056,2340.0,1774.82,115431.92,565.18,115588.33,156.42,0.0,1907249.06,-79495.65,565.18,1828318.6,-78930.46,-0.04,1397564.08,-0.16,2022680.98,1943906.93,-78774.05,-0.04
391,03/13/2056,2340.0,1774.82,115588.33,565.18,115744.75,156.42,0.0,1828318.6,88787.43,565.18,1917671.21,89352.61,0.05,1486351.51,-0.11,1943906.93,2033415.96,89509.03,0.05
392,04/12/2056,2340.0,1774.82,115744.75,565.18,115901.17,156.42,0.0,1917671.21,15042.53,565.18,1933278.92,15607.72,0.01,1501394.05,-0.1,2033415.96,2049180.09,15764.13,0.01
393,05/12/2056,2340.0,1774.82,115901.17,565.18,116057.58,156.42,0.0,1933278.92,52070.64,565.18,1985914.75,52635.82,0.03,1553464.69,-0.07,2049180.09,2101972.33,52792.24,0.03
394,06/11/2056,2340.0,1774.82,116057.58,565.18,116214.0,156.42,0.0,1985914.75,79813.35,565.18,2066293.28,80378.53,0.04,1633278.04,-0.02,2101972.33,2182507.28,80534.95,0.04
395,07/11/2056,2340.0,1774.82,116214.0,565.18,116370.42,156.42,0.0,2066293.28,13937.13,565.18,2080795.59,14502.31,0.01,1647215.17,-0.01,2182507.28,2197166.01,14658.73,0.01
396,08/10/2056,4590.0,1774.82,116370.42,2815.18,116526.83,156.42,0.0,2080795.59,-4488.63,2815.18,2079122.14,-1673.45,-0.0,1642726.54,-0.02,2197166.01,2195648.98,-1517.03,-0.0
397,09/09/2056,2340.0,1774.82,116526.83,565.18,116683.25,156.42,0.0,2079122.14,-50025.13,565.18,2029662.2,-49459.95,-0.02,1592701.41,-0.05,2195648.98,2146345.45,-49303.53,-0.02
398,10/09/2056,2340.0,1801.44,116683.25,538.56,116839.67,156.42,0.0,2029662.2,-197442.74,538.56,1832758.02,-196904.18,-0.1,1395258.67,-0.16,2146345.45,1949597.69,-196747.76,-0.09
399,11/08/2056,2340.0,1801.44,116839.67,538.56,116996.08,156.42,0.0,1832758.02,-79961.93,538.56,1753334.65,-79423.37,-0.04,1315296.75,-0.21,1949597.69,1870330.74,-79266.95,-0.04
400,12/08/2056,2340.0,1801.44,116996.08,538.56,117152.5,156.42,0.0,1753334.65,10588.19,538.56,1764461.4,11126.75,0.01,1325884.94,-0.21,1870330.74,1881613.9,11283.17,0.01
401,01/07/2057,2340.0,1801.44,117152.5,538.56,117308.92,156.42,0.0,1764461.4,4261.78,538.56,1769261.75,4800.34,0.0,1330146.72,-0.2,1881613.9,1886570.66,4956.76,0.0
402,02/06/2057,2340.0,1801.44,117308.92,538.56,117465.33,156.42,0.0,1769261.75,39390.96,538.56,1809191.27,39929.52,0.02,1369537.68,-0.18,1886570.66,1926656.6,40085.94,0.02
403,03/08/2057,2340.0,1801.44,117465.33,538.56,117621.75,156.42,0.0,1809191.27,7383.43,538.56,1817113.26,7921.99,0.0,1376921.11,-0.18,1926656.6,1934735.01,8078.4,0.0
404,04/07/2057,2340.0,1801.44,117621.75,538.56,117778.17,156.42,0.0,1817113.26,25239.67,538.56,1842891.48,25778.23,0.01,1402160.78,-0.16,1934735.01,1960669.65,25934.64,0.01
405,05/07/2057,2340.0,1801.44,117778.17,538.56,117934.58,156.42,0.0,1842891.48,65312.5,538.56,1908742.54,65851.06,0.04,1467473.27,-0.12,1960669.65,2026677.12,66007.47,0.03
406,06/06/2057,2340.0,1801.44,117934.58,538.56,118091.0,156.42,0.0,1908742.54,-41847.72,538.56,1867433.38,-41309.16,-0.02,1425625.55,-0.15,2026677.12,1985524.38,-41152.75,-0.02
407,07/06/2057,2340.0,1801.44,118091.0,538.56,118247.42,156.42,0.0,1867433.38,-2655.01,538.56,1865316.93,-2116.45,-0.0,1422970.54,-0.15,1985524.38,1983564.35,-1960.03,-0.0
408,08/05/2057,4590.0,1801.44,118247.42,2788.56,118403.83,156.42,0.0,1865316.93,-87088.89,2788.56,1781016.6,-84300.33,-0.05,1335881.66,-0.2,1983564.35,1899420.44,-84143.91,-0.04
409,09/04/2057,2340.0,1801.44,118403.83,538.56,118560.25,156.42,0.0,1781016.6,74424.04,538.56,1855979.21,74962.6,0.04,1410305.7,-0.16,1899420.44,1974539.46,75119.02,0.04
410,10/04/2057,2340.0,1828.46,118560.25,511.54,118716.67,156.42,0.0,1855979.21,18082.38,511.54,1874573.12,18593.92,0.01,1428388.08,-0.14,1974539.46,1993289.79,18750.33,0.01
411,11/03/2057,2340.0,1828.46,118716.67,511.54,118873.08,156.42,0.0,1874573.12,47280.74,511.54,1922365.4,47792.28,0.03,1475668.82,-0.12,1993289.79,2041238.48,47948.69,0.02
412,12/03/2057,2340.0,1828.46,118873.08,511.54,119029.5,156.42,0.0,1922365.4,117878.59,511.54,2040755.53,118390.12,0.06,1593547.4,-0.05,2041238.48,2159785.03,118546.54,0.06
413,01/02/2058,2340.0,1828.46,119029.5,511.54,119185.92,156.42,0.0,2040755.53,92741.52,511.54,2134008.58,93253.06,0.05,1686288.92,0.01,2159785.03,2253194.5,93409.47,0.04
414,02/01/2058,2340.0,1828.46,119185.92,511.54,119342.33,156.42,0.0,2134008.58,13588.97,511.54,2148109.09,14100.51,0.01,1699877.89,0.01,2253194.5,2267451.42,14256.92,0.01
415,03/03/2058,2340.0,1828.46,119342.33,511.54,119498.75,156.42,0.0,2148109.09,76121.12,511.54,2224741.75,76632.66,0.04,1775999.01,0.04,2267451.42,2344240.5,76789.08,0.03
416,04/02/2058,2340.0,1828.46,119498.75,511.54,119655.17,156.42,0.0,2224741.75,-90480.35,511.54,2134772.94,-89968.81,-0.04,1685518.66,-0.05,2344240.5,2254428.1,-89812.4,-0.04
417,05/02/2058,2340.0,1828.46,119655.17,511.54,119811.58,156.42,0.0,2134772.94,49750.46,511.54,2185034.93,50262.0,0.02,1735269.12,-0.02,2254428.1,2304846.52,50418.41,0.02
418,06/01/2058,2340.0,1828.46,119811.58,511.54,119968.0,156.42,0.0,2185034.93,28818.0,511.54,2214364.47,29329.54,0.01,1764087.12,-0.01,2304846.52,2334332.47,29485.95,0.01
419,07/01/2058,2340.0,1828.46,119968.0,511.54,120124.42,156.42,0.0,2214364.47,-104224.94,511.54,2110651.07,-103713.4,-0.05,1659862.18,-0.07,2334332.47,2230775.49,-103556.98,-0.04
420,07/31/2058,4590.0,1828.46,120124.42,2761.54,120280.83,156.42,0.0,2110651.07,114574.97,2761.54,2227987.58,117336.51,0.06,1774437.15,-0.0,2230775.49,2348268.41,117492.93,0.05
421,08/30/2058,2340.0,1828.46,120280.83,511.54,120437.25,156.42,0.0,2227987.58,-35020.77,511.54,2193478.35,-34509.23,-0.02,1739416.38,-0.02,2348268.41,2313915.6,-34352.81,-0.01
422,09/29/2058,2340.0,1855.89,120437.25,484.11,120593.67,156.42,0.0,2193478.35,69871.84,484.11,2263834.3,70355.95,0.03,1809288.22,0.02,2313915.6,2384427.97,70512.37,0.03
423,10/29/2058,2340.0,1855.89,120593.67,484.11,120750.08,156.42,0.0,2263834.3,-13526.13,484.11,2250792.28,-13042.02,-0.01,1795762.09,-0.01,2384427.97,2371542.36,-12885.6,-0.01
424,11/28/2058,2340.0,1855.89,120750.08,484.11,120906.5,156.42,0.0,2250792.28,95648.59,484.11,2346924.98,96132.7,0.04,1891410.68,0.05,2371542.36,2467831.48,96289.12,0.04
425,12/28/2058,2340.0,1855.89,120906.5,484.11,121062.92,156.42,0.0,2346924.98,125384.22,484.11,2472793.31,125868.33,0.05,2016794.9,0.07,2467831.48,2593856.23,126024.75,0.05
426,01/27/2059,2340.0,1855.89,121062.92,484.11,121219.33,156.42,0.0,2472793.31,-49550.71,484.11,2423726.71,-49066.6,-0.02,1967244.19,-0.02,2593856.23,2544946.05,-48910.18,-0.02
427,02/26/2059,2340.0,1855.89,121219.33,484.11,121375.75,156.42,0.0,2423726.71,-106775.92,484.11,2317434.9,-106291.81,-0.04,1860468.27,-0.08,2544946.05,2438810.65,-106135.4,-0.04
428,03/28/2059,2340.0,1855.89,121375.75,484.11,121532.17,156.42,0.0,2317434.9,9082.26,484.11,2327001.27,9566.37,0.0,1869550.53,-0.07,2438810.65,2448533.44,9722.79,0.0
429,04/27/2059,2340.0,1855.89,121532.17,484.11,121688.58,156.42,0.0,2327001.27,87346.45,484.11,2414831.83,87830.56,0.04,1956896.98,-0.03,2448533.44,2536520.42,87986.98,0.04
430,05/27/2059,2340.0,1855.89,121688.58,484.11,121845.0,156.42,0.0,2414831.83,-10401.95,484.11,2404914.0,-9917.84,-0.0,1946495.03,-0.03,2536520.42,2526759.0,-9761.42,-0.0
431,06/26/2059,2340.0,1855.89,121845.0,484.11,122001.42,156.42,0.0,2404914.0,-30333.99,484.11,2375064.11,-29849.88,-0.01,1916161.03,-0.05,2526759.0,2497065.53,-29693.47,-0.01
432,07/26/2059,4590.0,1855.89,122001.42,2734.11,122157.83,156.42,0.0,2375064.11,59778.78,2734.11,2437577.0,62512.89,0.03,1975939.81,-0.02,2497065.53,2559734.83,62669.3,0.03
